/*
SQLyog Ultimate v11.24 (32 bit)
MySQL - 5.7.28 : Database - ladmin
*********************************************************************
*/

/*!40101 SET NAMES utf8 */;

/*!40101 SET SQL_MODE=''*/;

/*!40014 SET @OLD_UNIQUE_CHECKS=@@UNIQUE_CHECKS, UNIQUE_CHECKS=0 */;
/*!40014 SET @OLD_FOREIGN_KEY_CHECKS=@@FOREIGN_KEY_CHECKS, FOREIGN_KEY_CHECKS=0 */;
/*!40101 SET @OLD_SQL_MODE=@@SQL_MODE, SQL_MODE='NO_AUTO_VALUE_ON_ZERO' */;
/*!40111 SET @OLD_SQL_NOTES=@@SQL_NOTES, SQL_NOTES=0 */;
/*Table structure for table `zx_admin_group` */

DROP TABLE IF EXISTS `zx_admin_group`;

CREATE TABLE `zx_admin_group` (
  `id` tinyint(3) unsigned NOT NULL AUTO_INCREMENT,
  `name` varchar(50) NOT NULL DEFAULT '',
  `description` text COMMENT '备注',
  `menus` text COMMENT '用户组拥有的菜单id',
  `listorder` smallint(5) unsigned DEFAULT '0' COMMENT '排序',
  `updated_at` int(11) NOT NULL DEFAULT '0' COMMENT '修改时间',
  `created_at` int(11) NOT NULL DEFAULT '0' COMMENT '创建时间',
  `admin_id` smallint(3) NOT NULL DEFAULT '0' COMMENT '操作人',
  PRIMARY KEY (`id`) USING BTREE,
  KEY `listorder` (`listorder`) USING BTREE
) ENGINE=InnoDB AUTO_INCREMENT=3 DEFAULT CHARSET=utf8 ROW_FORMAT=COMPACT COMMENT='分组';

/*Data for the table `zx_admin_group` */

insert  into `zx_admin_group`(`id`,`name`,`description`,`menus`,`listorder`,`updated_at`,`created_at`,`admin_id`) values (1,'超级管理员','超级管理员','274,280,281,19,33,34,35,36,66,286,21,29,30,31,2,28,285,240,241,242,243,244,197,198,199,200,201,213,289,290,291,292,293,294,295,296,297,298,299,300,3,1,7,8,58,79,6,122,123,124,125',0,1617950058,0,1),(2,'管理员','拥有店铺所有权限','274,280,281,19,33,34,35,36,66,21,29,30,31,2,28,240,241,242,243,244,197,198,199,200,201,213,289,290,291,292,293,294',0,1617853452,1529913257,1);

/*Table structure for table `zx_admin_group_user` */

DROP TABLE IF EXISTS `zx_admin_group_user`;

CREATE TABLE `zx_admin_group_user` (
  `admin_id` int(10) unsigned NOT NULL COMMENT '用户id',
  `group_id` mediumint(8) unsigned NOT NULL COMMENT '角色id',
  UNIQUE KEY `uid_group_id` (`admin_id`,`group_id`) USING BTREE,
  KEY `uid` (`admin_id`) USING BTREE,
  KEY `group_id` (`group_id`) USING BTREE
) ENGINE=InnoDB DEFAULT CHARSET=utf8 ROW_FORMAT=COMPACT COMMENT='用户所属分组';

/*Data for the table `zx_admin_group_user` */

insert  into `zx_admin_group_user`(`admin_id`,`group_id`) values (1,1),(3,1),(4,1),(5,1),(6,1),(35,1),(2,2),(35,2);

/*Table structure for table `zx_admin_log` */

DROP TABLE IF EXISTS `zx_admin_log`;

CREATE TABLE `zx_admin_log` (
  `id` int(10) unsigned NOT NULL AUTO_INCREMENT,
  `admin_menu_id` mediumint(8) NOT NULL DEFAULT '0' COMMENT '菜单id',
  `querystring` varchar(255) DEFAULT '' COMMENT '参数',
  `data` text COMMENT 'POST数据',
  `ip` varchar(18) NOT NULL DEFAULT '',
  `admin_id` mediumint(8) NOT NULL DEFAULT '0' COMMENT '操作人',
  `created_at` int(11) NOT NULL DEFAULT '0' COMMENT '创建时间',
  `updated_at` int(11) NOT NULL DEFAULT '0' COMMENT '修改时间',
  `primary_id` int(11) DEFAULT '0' COMMENT '表中主键ID',
  PRIMARY KEY (`id`) USING BTREE,
  KEY `idx_menu_id` (`admin_menu_id`) USING BTREE,
  KEY `idx_admin_id` (`admin_id`) USING BTREE,
  KEY `idx_created_at` (`created_at`) USING BTREE
) ENGINE=InnoDB AUTO_INCREMENT=73 DEFAULT CHARSET=utf8 ROW_FORMAT=COMPACT;

/*Data for the table `zx_admin_log` */

insert  into `zx_admin_log`(`id`,`admin_menu_id`,`querystring`,`data`,`ip`,`admin_id`,`created_at`,`updated_at`,`primary_id`) values (1,286,'id=2',NULL,'127.0.0.1',1,1616467137,1616467137,0),(2,286,'id=4',NULL,'127.0.0.1',1,1616467142,1616467142,0),(4,7,NULL,'{\"parentid\":\"240\",\"icon\":null,\"name\":\"\\u83dc\\u5355\\u6d4b\\u8bd52\\u7ea7\",\"c\":null,\"a\":null,\"data\":null,\"listorder\":\"999\",\"status\":\"1\",\"write_log\":\"2\"}','127.0.0.1',1,1616575842,1616575842,0),(5,7,NULL,'{\"parentid\":\"240\",\"icon\":null,\"name\":\"\\u83dc\\u5355\\u6d4b\\u8bd52\\u7ea7\",\"c\":\"test\",\"a\":\"test\",\"data\":null,\"listorder\":\"999\",\"status\":\"1\",\"write_log\":\"2\"}','127.0.0.1',1,1616575873,1616575873,0),(6,7,NULL,'{\"parentid\":\"287\",\"icon\":null,\"name\":\"\\u83dc\\u5355\\u6d4b\\u8bd53\\u7ea7\",\"c\":\"test\",\"a\":\"test\",\"data\":null,\"listorder\":\"999\",\"status\":\"1\",\"write_log\":\"2\"}','127.0.0.1',1,1616575893,1616575893,0),(7,79,'id=287',NULL,'127.0.0.1',1,1616576936,1616576936,0),(8,7,NULL,'{\"parentid\":null,\"icon\":\"fa-cutlery\",\"name\":\"\\u9910\\u996e\\u7ba1\\u7406\",\"c\":\"resturant\",\"a\":\"index\",\"data\":null,\"listorder\":\"999\",\"status\":\"1\",\"write_log\":\"2\"}','127.0.0.1',1,1616577152,1616577152,0),(9,8,NULL,'{\"id\":\"290\",\"parentid\":\"289\",\"icon\":null,\"name\":\"\\u9910\\u684c\\u7ba1\\u7406\",\"c\":\"table\",\"a\":\"index\",\"data\":null,\"listorder\":\"999\",\"status\":\"1\",\"write_log\":\"2\"}','127.0.0.1',1,1616577216,1616577216,290),(10,7,NULL,'{\"parentid\":\"290\",\"icon\":null,\"name\":\"\\u8be6\\u60c5\",\"c\":\"table\",\"a\":\"info\",\"data\":null,\"listorder\":\"999\",\"status\":\"2\",\"write_log\":\"2\"}','127.0.0.1',1,1616577253,1616577253,0),(11,7,NULL,'{\"parentid\":\"290\",\"icon\":null,\"name\":\"\\u6dfb\\u52a0\",\"c\":\"table\",\"a\":\"add\",\"data\":null,\"listorder\":\"999\",\"status\":\"2\",\"write_log\":\"1\"}','127.0.0.1',1,1616577290,1616577290,0),(12,8,NULL,'{\"id\":\"294\",\"parentid\":\"290\",\"icon\":null,\"name\":\"\\u9910\\u684c\\u8be6\\u60c5\",\"c\":\"table\",\"a\":\"info\",\"data\":null,\"listorder\":\"999\",\"status\":\"1\",\"write_log\":\"2\"}','127.0.0.1',1,1616577707,1616577707,294),(33,35,NULL,'{\"id\":\"2\",\"head_img\":\"2.jpg\",\"realname\":\"alfred\",\"mobile\":\"13800138000\",\"email\":\"rd_wangping@yuzhua.com\",\"group_id\":[\"2\"],\"status\":\"1\"}','127.0.0.1',1,1616744235,1616744235,2),(34,35,NULL,'{\"id\":\"2\",\"head_img\":\"2.jpg\",\"realname\":\"alfred\",\"mobile\":\"13800138000\",\"email\":\"rd_wangping@yuzhua.com\",\"group_id\":[\"2\"],\"status\":\"1\"}','127.0.0.1',1,1616744262,1616744262,2),(35,35,NULL,'{\"id\":\"2\",\"head_img\":\"2.jpg\",\"realname\":\"alfred\",\"mobile\":\"13800138000\",\"email\":\"rd_wangping@yuzhua.com\",\"group_id\":[\"2\"],\"status\":\"1\"}','127.0.0.1',1,1616744268,1616744268,2),(36,35,NULL,'{\"id\":\"2\",\"head_img\":\"2.jpg\",\"realname\":\"alfred\",\"mobile\":\"13800138000\",\"email\":\"rd_wangping@yuzhua.com\",\"group_id\":[\"2\"],\"status\":\"1\"}','127.0.0.1',1,1616744654,1616744654,2),(37,35,NULL,'{\"id\":\"2\",\"head_img\":\"2.jpg\",\"realname\":\"alfred\",\"mobile\":\"13800138000\",\"email\":\"rd_wangping@yuzhua.com\",\"group_id\":[\"2\"],\"status\":\"1\"}','127.0.0.1',1,1616744672,1616744672,2),(38,35,NULL,'{\"id\":\"2\",\"realname\":\"alfred\",\"mobile\":\"13800138000\",\"email\":\"rd_wangping@yuzhua.com\",\"group_id\":[\"2\"],\"status\":\"1\",\"head_img\":{}}','127.0.0.1',1,1616745958,1616745958,2),(39,35,NULL,'{\"id\":\"2\",\"realname\":\"alfred\",\"mobile\":\"13800138000\",\"email\":\"rd_wangping@yuzhua.com\",\"group_id\":[\"2\"],\"status\":\"1\",\"head_img\":{}}','127.0.0.1',1,1616746044,1616746044,2),(40,35,NULL,'{\"id\":\"2\",\"realname\":\"alfred\",\"mobile\":\"13800138000\",\"email\":\"rd_wangping@yuzhua.com\",\"group_id\":[\"2\"],\"status\":\"1\",\"head_img\":{}}','127.0.0.1',1,1616746058,1616746058,2),(41,35,NULL,'{\"id\":\"2\",\"realname\":\"alfred\",\"mobile\":\"13800138000\",\"email\":\"rd_wangping@yuzhua.com\",\"group_id\":[\"2\"],\"status\":\"1\",\"head_img\":{}}','127.0.0.1',1,1616746230,1616746230,2),(42,35,NULL,'{\"id\":\"2\",\"realname\":\"alfred\",\"mobile\":\"13800138000\",\"email\":\"rd_wangping@yuzhua.com\",\"group_id\":[\"2\"],\"status\":\"1\",\"head_img\":{}}','127.0.0.1',1,1616746347,1616746347,2),(43,35,NULL,'{\"id\":\"1\",\"realname\":\"\\u7cfb\\u7edf\",\"mobile\":\"18888873646\",\"email\":\"5552123@qq.com\",\"status\":\"1\",\"head_img\":{}}','127.0.0.1',1,1616746440,1616746440,1),(44,35,NULL,'{\"id\":\"1\",\"realname\":\"\\u7cfb\\u7edf\",\"mobile\":\"18888873646\",\"email\":\"5552123@qq.com\",\"status\":\"1\",\"head_img\":{}}','127.0.0.1',1,1616746450,1616746450,1),(45,35,NULL,'{\"id\":\"1\",\"realname\":\"\\u7cfb\\u7edf\",\"mobile\":\"18888873646\",\"email\":\"5552123@qq.com\",\"status\":\"1\",\"head_img\":{}}','127.0.0.1',1,1616747265,1616747265,1),(46,35,NULL,'{\"id\":\"1\",\"realname\":\"\\u7cfb\\u7edf\",\"mobile\":\"18888873646\",\"email\":\"5552123@qq.com\",\"status\":\"1\",\"head_img\":{}}','127.0.0.1',1,1616747439,1616747439,1),(47,35,NULL,'{\"id\":\"2\",\"realname\":\"alfred\",\"mobile\":\"13800138000\",\"email\":\"rd_wangping@yuzhua.com\",\"group_id\":[\"2\"],\"status\":\"1\",\"head_img\":{}}','127.0.0.1',1,1616747638,1616747638,2),(48,35,NULL,'{\"id\":\"1\",\"realname\":\"\\u7cfb\\u7edf\",\"mobile\":\"18888873646\",\"email\":\"5552123@qq.com\",\"status\":\"1\",\"head_img\":{}}','127.0.0.1',1,1616747676,1616747676,1),(49,35,NULL,'{\"id\":\"2\",\"realname\":\"alfred\",\"mobile\":\"13800138000\",\"email\":\"rd_wangping@yuzhua.com\",\"group_id\":[\"2\"],\"status\":\"1\",\"head_img\":{}}','127.0.0.1',1,1616747794,1616747794,2),(50,35,NULL,'{\"id\":\"2\",\"realname\":\"alfred\",\"mobile\":\"13800138000\",\"email\":\"rd_wangping@yuzhua.com\",\"group_id\":[\"2\"],\"status\":\"1\",\"head_img\":{}}','127.0.0.1',1,1616748213,1616748213,2),(51,35,NULL,'{\"id\":\"2\",\"realname\":\"alfred\",\"mobile\":\"13800138000\",\"email\":\"rd_wangping@yuzhua.com\",\"group_id\":[\"2\"],\"status\":\"1\",\"head_img\":{}}','127.0.0.1',1,1616749566,1616749566,2),(52,35,NULL,'{\"id\":\"2\",\"realname\":\"alfred\",\"mobile\":\"13800138000\",\"email\":\"rd_wangping@yuzhua.com\",\"group_id\":[\"2\"],\"status\":\"1\",\"head_img\":{}}','127.0.0.1',1,1616749813,1616749813,2),(53,35,NULL,'{\"id\":\"1\",\"realname\":\"\\u7cfb\\u7edf\",\"mobile\":\"18888873646\",\"email\":\"5552123@qq.com\",\"status\":\"1\",\"head_img\":{}}','127.0.0.1',1,1616749825,1616749825,1),(54,31,NULL,'{\"id\":\"1\",\"menus\":\"274,280,19,33,21,29,2,28,240,241,242,197,198,213,289,290,291,3,1,6,122,123\",\"name\":\"\\u6f14\\u793a\\u7ec4\",\"description\":\"\\u53ea\\u80fd\\u770b\\u4e0d\\u80fd\\u6539\"}','127.0.0.1',1,1617853288,1617853288,1),(55,31,NULL,'{\"id\":\"1\",\"menus\":\"274,280,281,19,33,34,35,36,66,286,21,29,30,31,2,28,285,240,241,242,243,244,197,198,199,200,201,213,289,290,291,292,293,294,3,1,8,58,79,6,7,122,123,124,125\",\"name\":\"\\u6f14\\u793a\\u7ec4\",\"description\":\"\\u8d85\\u7ea7\\u7ba1\\u7406\\u5458\"}','127.0.0.1',1,1617853342,1617853342,1),(56,31,NULL,'{\"id\":\"1\",\"menus\":\"274,280,281,19,33,34,35,36,66,286,21,29,30,31,2,28,285,240,241,242,243,244,197,198,199,200,201,213,289,290,291,292,293,294,3,1,8,58,79,6,7,122,123,124,125\",\"name\":\"\\u8d85\\u7ea7\\u7ba1\\u7406\\u5458\",\"description\":\"\\u8d85\\u7ea7\\u7ba1\\u7406\\u5458\"}','127.0.0.1',1,1617853351,1617853351,1),(57,31,NULL,'{\"id\":\"2\",\"menus\":\"274,280,281,19,33,34,35,36,66,21,29,30,31,2,28,240,241,242,243,244,197,198,199,200,201,213,289,290,291,292,293,294\",\"name\":\"\\u7ba1\\u7406\\u5458\",\"description\":\"\\u62e5\\u6709\\u5e97\\u94fa\\u6240\\u6709\\u6743\\u9650\"}','127.0.0.1',1,1617853452,1617853452,2),(58,35,NULL,'{\"id\":\"1\",\"realname\":\"\\u7cfb\\u7edf\",\"mobile\":\"18888873646\",\"email\":\"5552123@qq.com\",\"group_id\":[\"1\"],\"status\":\"1\"}','127.0.0.1',1,1617853465,1617853465,1),(59,35,NULL,'{\"id\":\"2\",\"realname\":\"alfred\",\"mobile\":\"13800138000\",\"email\":\"rd_wangping@yuzhua.com\",\"group_id\":[\"2\"],\"status\":\"1\"}','127.0.0.1',1,1617853472,1617853472,2),(60,36,'id=2',NULL,'127.0.0.1',1,1617853985,1617853985,0),(61,7,NULL,'{\"parentid\":null,\"icon\":null,\"name\":\"\\u5e97\\u94fa\\u7ba1\\u7406\",\"c\":\"shops\",\"a\":\"index\",\"data\":null,\"listorder\":\"999\",\"status\":\"1\",\"write_log\":\"2\"}','127.0.0.1',1,1617884017,1617884017,0),(62,8,NULL,'{\"id\":\"295\",\"parentid\":null,\"icon\":\"fa-briefcase\",\"name\":\"\\u5e97\\u94fa\\u7ba1\\u7406\",\"c\":\"shops\",\"a\":\"index\",\"data\":null,\"listorder\":\"999\",\"status\":\"1\",\"write_log\":\"2\"}','127.0.0.1',1,1617884142,1617884142,295),(63,7,NULL,'{\"parentid\":\"295\",\"icon\":null,\"name\":\"\\u56fe\\u7247\\u4e0a\\u4f20\",\"c\":\"shops\",\"a\":\"uploadFiles\",\"data\":null,\"listorder\":\"999\",\"status\":\"1\",\"write_log\":\"2\"}','127.0.0.1',1,1617950036,1617950036,0),(64,31,NULL,'{\"id\":\"1\",\"menus\":\"274,280,281,19,33,34,35,36,66,286,21,29,30,31,2,28,285,240,241,242,243,244,197,198,199,200,201,213,289,290,291,292,293,294,295,296,297,298,299,300,3,1,7,8,58,79,6,122,123,124,125\",\"name\":\"\\u8d85\\u7ea7\\u7ba1\\u7406\\u5458\",\"description\":\"\\u8d85\\u7ea7\\u7ba1\\u7406\\u5458\"}','127.0.0.1',1,1617950058,1617950058,1),(65,8,NULL,'{\"id\":\"300\",\"parentid\":\"295\",\"icon\":null,\"name\":\"\\u56fe\\u7247\\u4e0a\\u4f20\",\"c\":\"shops\",\"a\":\"uploadFiles\",\"data\":null,\"listorder\":\"999\",\"status\":\"2\",\"write_log\":\"2\"}','127.0.0.1',1,1617950170,1617950170,300),(66,7,NULL,'{\"parentid\":\"1\",\"icon\":null,\"name\":\"\\u56fe\\u7247\\u4e0a\\u4f20\",\"c\":\"uploads\",\"a\":\"uploadFiles\",\"data\":null,\"listorder\":\"999\",\"status\":\"2\",\"write_log\":\"2\"}','127.0.0.1',1,1617950960,1617950960,0),(67,79,'id=300',NULL,'127.0.0.1',1,1617950968,1617950968,0),(68,7,NULL,'{\"parentid\":\"3\",\"icon\":null,\"name\":\"\\u5176\\u4ed6\\u83dc\\u5355\",\"c\":\"areas\",\"a\":\"city\",\"data\":null,\"listorder\":\"999\",\"status\":\"2\",\"write_log\":\"2\"}','127.0.0.1',1,1617956482,1617956482,0),(69,8,NULL,'{\"id\":\"302\",\"parentid\":\"3\",\"icon\":null,\"name\":\"Ajax\\u8def\\u7531\",\"c\":\"index\",\"a\":\"index\",\"data\":null,\"listorder\":\"999\",\"status\":\"2\",\"write_log\":\"2\"}','127.0.0.1',1,1617956545,1617956545,302),(70,7,NULL,'{\"parentid\":\"302\",\"icon\":null,\"name\":\"\\u5730\\u533a\\u5217\\u8868\",\"c\":\"areas\",\"a\":\"city\",\"data\":null,\"listorder\":\"999\",\"status\":\"2\",\"write_log\":\"2\"}','127.0.0.1',1,1617956575,1617956575,0),(71,7,NULL,'{\"parentid\":\"295\",\"icon\":null,\"name\":\"\\u56fe\\u7247\\u5220\\u9664\",\"c\":\"shops\",\"a\":\"deleteFiles\",\"data\":null,\"listorder\":\"999\",\"status\":\"2\",\"write_log\":\"2\"}','127.0.0.1',1,1618295144,1618295144,0),(72,291,NULL,'{\"name\":null,\"num_id\":null,\"type\":null}','127.0.0.1',1,1618299878,1618299878,0);

/*Table structure for table `zx_admin_menu` */

DROP TABLE IF EXISTS `zx_admin_menu`;

CREATE TABLE `zx_admin_menu` (
  `id` smallint(6) unsigned NOT NULL AUTO_INCREMENT,
  `name` char(40) NOT NULL DEFAULT '' COMMENT '菜单名称',
  `parentid` smallint(6) DEFAULT '0' COMMENT '上级',
  `icon` varchar(20) DEFAULT '' COMMENT '图标',
  `m` varchar(10) NOT NULL DEFAULT 'admin' COMMENT '模块',
  `c` varchar(20) NOT NULL DEFAULT '' COMMENT 'controller',
  `a` varchar(20) NOT NULL DEFAULT '' COMMENT 'action',
  `data` varchar(50) DEFAULT '' COMMENT '更多参数',
  `group` varchar(50) DEFAULT '' COMMENT '分组',
  `listorder` smallint(6) unsigned DEFAULT '999',
  `status` tinyint(1) NOT NULL DEFAULT '1' COMMENT '是否显示1:显示,2:不显示',
  `write_log` tinyint(1) NOT NULL DEFAULT '2' COMMENT '记录日志:1记录,2不记录',
  `updated_at` int(10) NOT NULL DEFAULT '0' COMMENT '修改时间',
  `created_at` int(10) NOT NULL DEFAULT '0' COMMENT '创建时间',
  PRIMARY KEY (`id`) USING BTREE,
  KEY `listorder` (`listorder`) USING BTREE,
  KEY `parentid` (`parentid`) USING BTREE,
  KEY `idx_m_c_a` (`m`,`c`,`a`)
) ENGINE=InnoDB AUTO_INCREMENT=305 DEFAULT CHARSET=utf8 ROW_FORMAT=COMPACT;

/*Data for the table `zx_admin_menu` */

insert  into `zx_admin_menu`(`id`,`name`,`parentid`,`icon`,`m`,`c`,`a`,`data`,`group`,`listorder`,`status`,`write_log`,`updated_at`,`created_at`) values (1,'后台菜单',3,NULL,'admin','adminMenu','index',NULL,'',4,1,2,1583339383,1503299010),(2,'日志管理',0,'fa-book','admin','adminLog','index',NULL,'',5,1,2,1583339383,1503300454),(3,'系统管理',0,'fa-gears','admin','system','index',NULL,'',1000,1,2,1583339383,1503300505),(6,'菜单查看',1,NULL,'admin','adminMenu','info',NULL,'',999,2,2,1583339383,1503303676),(7,'菜单添加',1,NULL,'admin','adminMenu','add',NULL,'',999,2,1,1583339383,1503303742),(8,'菜单修改',1,NULL,'admin','adminMenu','edit',NULL,'',999,2,1,1583339383,1503303780),(19,'用户管理',0,'fa-users','admin','adminUser','index',NULL,'',1,1,2,1583339382,1503305413),(21,'角色管理',0,'fa-check-square-o','admin','adminGroup','index',NULL,'',2,1,2,1583339382,1503305466),(28,'日志详情',2,NULL,'admin','adminLog','info',NULL,'',999,2,2,1583339383,1503561164),(29,'角色详情',21,NULL,'admin','adminGroup','info',NULL,'',999,2,2,1583339382,1503655888),(30,'角色添加',21,NULL,'admin','adminGroup','add',NULL,'',999,2,1,1583339382,0),(31,'角色修改',21,NULL,'admin','adminGroup','edit',NULL,'',999,2,1,1583339382,0),(33,'用户详情',19,'','admin','adminUser','info','','',999,2,2,1583339382,0),(34,'用户添加',19,'','admin','adminUser','add','','',999,2,1,1583339382,0),(35,'用户修改',19,'','admin','adminUser','edit','','',999,2,1,1583339382,0),(36,'修改用户密码',19,'','admin','adminUser','changePwd','','',999,2,1,1583339382,0),(58,'菜单排序',1,NULL,'admin','adminMenu','setListorder',NULL,'',999,2,2,1583339383,1503657729),(66,'用户禁用',19,NULL,'admin','adminUser','status',NULL,'',999,2,1,1583339382,1504605933),(79,'菜单删除',1,NULL,'admin','adminMenu','del',NULL,'',999,2,1,1583339383,1504998588),(122,'站点管理',3,NULL,'admin','site','info',NULL,'',10,1,2,1583339383,1506336604),(123,'站点详情',122,'','admin','site','info',NULL,'',999,2,2,1583339383,1506336604),(124,'站点添加',122,'','admin','site','add',NULL,'',999,2,1,1583339383,1506336604),(125,'站点修改',122,'','admin','site','edit',NULL,'',999,2,1,1583339383,1506336604),(197,'定时任务',0,'fa-fire','admin','crontab','index',NULL,'',9,1,2,1583339383,1518159827),(198,'定时任务详情',197,'','admin','crontab','info',NULL,'',999,2,1,1583339383,1518159827),(199,'定时任务添加',197,'','admin','crontab','add',NULL,'',999,2,1,1583339383,1518159827),(200,'定时任务修改',197,'','admin','crontab','edit',NULL,'',999,2,1,1583339383,1518159827),(201,'定时任务删除',197,'','admin','crontab','del',NULL,'',999,2,1,1583339383,1518159827),(213,'计划任务禁用',197,NULL,'admin','crontab','status',NULL,'',999,2,1,1583339383,1520172047),(240,'工作管理',0,'fa-inbox','admin','workInfo','index',NULL,'',5,1,2,1583339382,1529926496),(241,'工作详情',240,'','admin','workInfo','info',NULL,'',999,2,2,1583339382,1529926496),(242,'工作添加',240,'','admin','workInfo','add',NULL,'',999,2,2,1583339382,1529926496),(243,'工作修改',240,'','admin','workInfo','edit',NULL,'',999,2,2,1583339383,1529926496),(244,'工作删除',240,'','admin','workInfo','del',NULL,'',999,2,2,1583339383,1529926496),(274,'仪表板',0,'fa-home','admin','adminHome','publicIndex',NULL,'',0,1,2,1583339382,1531572616),(280,'更新资料',274,NULL,'admin','adminHome','publicInfo',NULL,'',999,2,2,1583339382,1583335789),(281,'更新密码',274,NULL,'admin','adminHome','publicChangePwd',NULL,'',999,2,2,1583339382,1583335836),(285,'删除日志',2,NULL,'admin','adminLog','del',NULL,'',999,2,2,1583395183,1583395183),(286,'删除用户',19,NULL,'admin','adminUser','del',NULL,'',999,2,1,1583395623,1583395623),(289,'餐饮管理',0,'fa-cutlery','admin','resturant','index',NULL,'',999,1,2,1616577152,1616577152),(290,'餐桌管理',289,'','admin','tables','index',NULL,'',999,1,2,1616577216,1616577152),(291,'餐桌添加',290,'','admin','tables','add',NULL,'',999,2,1,1616577152,1616577152),(292,'餐桌修改',290,'','admin','tables','edit',NULL,'',999,2,1,1616577152,1616577152),(293,'餐桌删除',290,'','admin','tables','del',NULL,'',999,2,1,1616577152,1616577152),(294,'餐桌详情',290,NULL,'admin','tables','info',NULL,'',999,2,2,1616578282,1616577253),(295,'店铺管理',0,'fa-briefcase','admin','shops','index',NULL,'',999,1,2,1617884142,1617884017),(296,'详情',295,'','admin','shops','info',NULL,'',999,2,2,1617884017,1617884017),(297,'添加',295,'','admin','shops','add',NULL,'',999,2,2,1617884017,1617884017),(298,'修改',295,'','admin','shops','edit',NULL,'',999,2,2,1617884017,1617884017),(299,'删除',295,'','admin','shops','del',NULL,'',999,2,2,1617884017,1617884017),(301,'图片上传',302,NULL,'admin','common','uploadFiles',NULL,'',999,2,2,1617950960,1617950960),(302,'其他路由',3,NULL,'admin','index','index',NULL,'',999,2,2,1617956545,1617956482),(303,'地区列表',302,NULL,'admin','areas','city',NULL,'',999,2,2,1617956575,1617956575),(304,'图片删除',302,NULL,'admin','common','deleteFiles',NULL,'',999,2,2,1618295144,1618295144);

/*Table structure for table `zx_admin_user` */

DROP TABLE IF EXISTS `zx_admin_user`;

CREATE TABLE `zx_admin_user` (
  `id` int(10) unsigned NOT NULL AUTO_INCREMENT,
  `name` varchar(50) COLLATE utf8_unicode_ci NOT NULL DEFAULT '' COMMENT '用户名',
  `mobile` varchar(11) COLLATE utf8_unicode_ci DEFAULT '' COMMENT '手机号',
  `password` varchar(64) CHARACTER SET utf8 NOT NULL DEFAULT '' COMMENT '密码',
  `email` varchar(125) CHARACTER SET utf8 NOT NULL DEFAULT '' COMMENT '邮箱',
  `realname` varchar(50) COLLATE utf8_unicode_ci DEFAULT '' COMMENT '真实姓名',
  `level` tinyint(1) DEFAULT '1' COMMENT '1,普通,2经理',
  `status` tinyint(1) DEFAULT '1' COMMENT '1正常,2禁用',
  `remember_token` varchar(100) COLLATE utf8_unicode_ci DEFAULT '',
  `setting` text COLLATE utf8_unicode_ci COMMENT '其它设置',
  `is_super` tinyint(1) DEFAULT '0' COMMENT '超级管理员,直接拥有所有权限',
  `weixin_openid` varchar(64) COLLATE utf8_unicode_ci DEFAULT '' COMMENT '微信openid',
  `head_img` varchar(255) COLLATE utf8_unicode_ci DEFAULT '' COMMENT '微信远程头像',
  `created_at` int(10) NOT NULL COMMENT '创建时间',
  `updated_at` int(11) NOT NULL COMMENT '更新时间',
  `belong_to` int(10) DEFAULT NULL COMMENT '所属店铺',
  PRIMARY KEY (`id`) USING BTREE,
  KEY `idx_name` (`name`) USING BTREE
) ENGINE=InnoDB AUTO_INCREMENT=3 DEFAULT CHARSET=utf8 COLLATE=utf8_unicode_ci ROW_FORMAT=COMPACT COMMENT='后台管理员';

/*Data for the table `zx_admin_user` */

insert  into `zx_admin_user`(`id`,`name`,`mobile`,`password`,`email`,`realname`,`level`,`status`,`remember_token`,`setting`,`is_super`,`weixin_openid`,`head_img`,`created_at`,`updated_at`,`belong_to`) values (1,'admin','18888873646','$2y$10$M54IsJQyIIZamV0ldFp7R.iF.Lah6bDeyk62eFYNZ7XFFGrYGaPn6','5552123@qq.com','系统',1,1,'aakcR48vd295bGxZdeK6P6hC7W2L8nQLpIzsURnZyNPrjdpPdSH1xWg0ioE9',NULL,1,'o7Vaw1Cry3PvKx6vKhgAm0HllkL4','http://cdn.findwp.cn/avatars/JPZBsTQd9mF4otgVzGgCbKyNU15QMbZvUPG1Vd33.jpg',0,1617853465,0),(2,'alfred','13800138000','$2y$10$yJO.ocrepBTC/JwVPB38COGbeYF/cJN8fup98YG5VnPGyamQa5zVa','rd_wangping@yuzhua.com','alfred',1,1,'',NULL,0,'','http://cdn.findwp.cn/avatars/eWC0DR0Pp7KwGELxqMplPkde89RUtsrJ6xHOSxrw.jpg',1616468239,1617853472,0);

/*Table structure for table `zx_areas` */

DROP TABLE IF EXISTS `zx_areas`;

CREATE TABLE `zx_areas` (
  `base_areaid` mediumint(8) unsigned NOT NULL AUTO_INCREMENT COMMENT '地址ID',
  `name` varchar(50) NOT NULL DEFAULT '' COMMENT '地区名字',
  `parentid` mediumint(8) unsigned NOT NULL DEFAULT '0' COMMENT '上级路径ID',
  `vieworder` smallint(5) unsigned NOT NULL DEFAULT '0' COMMENT '顺序',
  PRIMARY KEY (`base_areaid`),
  KEY `idx_name` (`name`),
  KEY `idx_parentid_vieworder` (`parentid`,`vieworder`)
) ENGINE=MyISAM AUTO_INCREMENT=820792 DEFAULT CHARSET=gbk COMMENT='统一地区库';

/*Data for the table `zx_areas` */

insert  into `zx_areas`(`base_areaid`,`name`,`parentid`,`vieworder`) values (11,'北京',0,1),(31,'上海',0,2),(44,'广东',0,3),(34,'安徽',0,4),(50,'重庆',0,5),(35,'福建',0,6),(46,'海南',0,7),(13,'河北',0,8),(41,'河南',0,9),(23,'黑龙江',0,10),(42,'湖北',0,11),(43,'湖南',0,12),(62,'甘肃',0,13),(45,'广西',0,14),(52,'贵州',0,15),(22,'吉林',0,16),(36,'江西',0,17),(32,'江苏',0,18),(21,'辽宁',0,19),(15,'内蒙古',0,20),(64,'宁夏',0,21),(63,'青海',0,22),(37,'山东',0,23),(14,'山西',0,24),(61,'陕西',0,25),(51,'四川',0,26),(12,'天津',0,27),(54,'西藏',0,28),(65,'新疆',0,29),(53,'云南',0,30),(33,'浙江',0,31),(71,'台湾',0,32),(81,'香港',0,33),(82,'澳门',0,34),(1129,'延庆',11,18),(1128,'密云',11,17),(1127,'怀柔',11,16),(1126,'平谷',11,15),(1124,'大兴',11,14),(1121,'昌平',11,13),(1113,'顺义',11,12),(1112,'通州',11,11),(1111,'房山',11,10),(1109,'门头沟',11,9),(1108,'海淀',11,8),(1107,'石景山',11,7),(1106,'丰台',11,6),(1105,'朝阳',11,5),(1104,'宣武',11,4),(1103,'崇文',11,3),(1102,'西城',11,2),(1101,'东城',11,1),(1201,'和平',12,1),(1202,'河东',12,2),(1203,'河西',12,3),(1204,'南开',12,4),(1205,'河北',12,5),(1206,'红桥',12,6),(1207,'滨海新区',12,7),(1210,'东丽',12,8),(1211,'西青',12,9),(1212,'津南',12,10),(1213,'北辰',12,11),(1221,'宁河',12,12),(1222,'武清',12,13),(1223,'静海',12,14),(1224,'宝坻',12,15),(1225,'蓟县',12,16),(1301,'石家庄',13,1),(1302,'唐山',13,2),(1303,'秦皇岛',13,3),(1304,'邯郸',13,4),(1305,'邢台',13,5),(1306,'保定',13,6),(1307,'张家口',13,7),(1308,'承德',13,8),(1309,'沧州',13,9),(1310,'廊坊',13,10),(1311,'衡水',13,11),(1401,'太原',14,1),(1402,'大同',14,2),(1403,'阳泉',14,3),(1404,'长治',14,4),(1405,'晋城',14,5),(1406,'朔州',14,6),(1407,'晋中',14,7),(1408,'运城',14,8),(1409,'忻州',14,9),(1410,'临汾',14,10),(1411,'吕梁',14,11),(1501,'呼和浩特',15,1),(1502,'包头',15,2),(1503,'乌海',15,3),(1504,'赤峰',15,4),(1505,'通辽',15,5),(1506,'鄂尔多斯',15,6),(1507,'呼伦贝尔',15,7),(1508,'巴彦淖尔',15,8),(1509,'乌兰察布',15,9),(1522,'兴安',15,10),(1525,'锡林郭勒',15,11),(1529,'阿拉善',15,12),(2101,'沈阳',21,1),(2102,'大连',21,2),(2103,'鞍山',21,3),(2104,'抚顺',21,4),(2105,'本溪',21,5),(2106,'丹东',21,6),(2107,'锦州',21,7),(2108,'营口',21,8),(2109,'阜新',21,9),(2110,'辽阳',21,10),(2111,'盘锦',21,11),(2112,'铁岭',21,12),(2113,'朝阳',21,13),(2114,'葫芦岛',21,14),(2201,'长春',22,1),(2202,'吉林',22,2),(2203,'四平',22,3),(2204,'辽源',22,4),(2205,'通化',22,5),(2206,'白山',22,6),(2207,'松原',22,7),(2208,'白城',22,8),(2224,'延边',22,9),(2301,'哈尔滨',23,1),(2302,'齐齐哈尔',23,2),(2303,'鸡西',23,3),(2304,'鹤岗',23,4),(2305,'双鸭山',23,5),(2306,'大庆',23,6),(2307,'伊春',23,7),(2308,'佳木斯',23,8),(2309,'七台河',23,9),(2310,'牡丹江',23,10),(2311,'黑河',23,11),(2312,'绥化',23,12),(2327,'大兴安岭',23,13),(3101,'黄浦',31,1),(3103,'卢湾',31,2),(3104,'徐汇',31,3),(3105,'长宁',31,4),(3106,'静安',31,5),(3107,'普陀',31,6),(3108,'闸北',31,7),(3109,'虹口',31,8),(3110,'杨浦',31,9),(3112,'闵行',31,10),(3113,'宝山',31,11),(3114,'嘉定',31,12),(3115,'浦东新区',31,13),(3116,'金山',31,14),(3117,'松江',31,15),(3126,'奉贤',31,16),(3129,'青浦',31,17),(3130,'崇明',31,18),(3201,'南京',32,1),(3202,'无锡',32,2),(3203,'徐州',32,3),(3204,'常州',32,4),(3205,'苏州',32,5),(3206,'南通',32,6),(3207,'连云港',32,7),(3208,'淮安',32,8),(3209,'盐城',32,9),(3210,'扬州',32,10),(3211,'镇江',32,11),(3212,'泰州',32,12),(3213,'宿迁',32,13),(3301,'杭州',33,1),(3302,'宁波',33,2),(3303,'温州',33,3),(3304,'嘉兴',33,4),(3305,'湖州',33,5),(3306,'绍兴',33,6),(3307,'金华',33,7),(3308,'衢州',33,8),(3309,'舟山',33,9),(3310,'台州',33,10),(3311,'丽水',33,11),(3401,'合肥',34,1),(3402,'芜湖',34,2),(3403,'蚌埠',34,3),(3404,'淮南',34,4),(3405,'马鞍山',34,5),(3406,'淮北',34,6),(3407,'铜陵',34,7),(3408,'安庆',34,8),(3410,'黄山',34,9),(3411,'滁州',34,10),(3412,'阜阳',34,11),(3413,'宿州',34,12),(3414,'巢湖',34,13),(3415,'六安',34,14),(3416,'亳州',34,15),(3417,'池州',34,16),(3418,'宣城',34,17),(3501,'福州',35,1),(3502,'厦门',35,2),(3503,'莆田',35,3),(3504,'三明',35,4),(3505,'泉州',35,5),(3506,'漳州',35,6),(3507,'南平',35,7),(3508,'龙岩',35,8),(3509,'宁德',35,9),(3601,'南昌',36,1),(3602,'景德镇',36,2),(3603,'萍乡',36,3),(3604,'九江',36,4),(3605,'新余',36,5),(3606,'鹰潭',36,6),(3607,'赣州',36,7),(3608,'吉安',36,8),(3609,'宜春',36,9),(3610,'抚州',36,10),(3611,'上饶',36,11),(3701,'济南',37,1),(3702,'青岛',37,2),(3703,'淄博',37,3),(3704,'枣庄',37,4),(3705,'东营',37,5),(3706,'烟台',37,6),(3707,'潍坊',37,7),(3708,'济宁',37,8),(3709,'泰安',37,9),(3710,'威海',37,10),(3711,'日照',37,11),(3712,'莱芜',37,12),(3713,'临沂',37,13),(3714,'德州',37,14),(3715,'聊城',37,15),(3716,'滨州',37,16),(3717,'菏泽',37,17),(4101,'郑州',41,1),(4102,'开封',41,2),(4103,'洛阳',41,3),(4104,'平顶山',41,4),(4105,'安阳',41,5),(4106,'鹤壁',41,6),(4107,'新乡',41,7),(4108,'焦作',41,8),(4109,'濮阳',41,9),(4110,'许昌',41,10),(4111,'漯河',41,11),(4112,'三门峡',41,12),(4113,'南阳',41,13),(4114,'商丘',41,14),(4115,'信阳',41,15),(4116,'周口',41,16),(4117,'驻马店',41,17),(4118,'济源',41,18),(4201,'武汉',42,1),(4202,'黄石',42,2),(4203,'十堰',42,3),(4205,'宜昌',42,4),(4206,'襄樊',42,5),(4207,'鄂州',42,6),(4208,'荆门',42,7),(4209,'孝感',42,8),(4210,'荆州',42,9),(4211,'黄冈',42,10),(4212,'咸宁',42,11),(4213,'随州',42,12),(4228,'恩施',42,13),(4229,'仙桃',42,14),(4230,'潜江',42,15),(4231,'天门',42,16),(4232,'神农架',42,17),(4301,'长沙',43,1),(4302,'株洲',43,2),(4303,'湘潭',43,3),(4304,'衡阳',43,4),(4305,'邵阳',43,5),(4306,'岳阳',43,6),(4307,'常德',43,7),(4308,'张家界',43,8),(4309,'益阳',43,9),(4310,'郴州',43,10),(4311,'永州',43,11),(4312,'怀化',43,12),(4313,'娄底',43,13),(4331,'湘西',43,14),(4401,'广州',44,1),(4402,'韶关',44,2),(4403,'深圳',44,3),(4404,'珠海',44,4),(4405,'汕头',44,5),(4406,'佛山',44,6),(4407,'江门',44,7),(4408,'湛江',44,8),(4409,'茂名',44,9),(4412,'肇庆',44,10),(4413,'惠州',44,11),(4414,'梅州',44,12),(4415,'汕尾',44,13),(4416,'河源',44,14),(4417,'阳江',44,15),(4418,'清远',44,16),(4419,'东莞',44,17),(4420,'中山',44,18),(4451,'潮州',44,19),(4452,'揭阳',44,20),(4453,'云浮',44,21),(4501,'南宁',45,1),(4502,'柳州',45,2),(4503,'桂林',45,3),(4504,'梧州',45,4),(4505,'北海',45,5),(4506,'防城港',45,6),(4507,'钦州',45,7),(4508,'贵港',45,8),(4509,'玉林',45,9),(4510,'百色',45,10),(4511,'贺州',45,11),(4512,'河池',45,12),(4513,'来宾',45,13),(4514,'崇左',45,14),(4601,'海口',46,1),(4602,'三亚',46,2),(4603,'五指山',46,3),(4604,'琼海',46,4),(4605,'儋州',46,5),(4606,'文昌',46,6),(4607,'万宁',46,7),(4608,'东方',46,8),(5001,'万州',50,1),(5002,'涪陵',50,2),(5003,'渝中',50,3),(5004,'大渡口',50,4),(5005,'江北',50,5),(5006,'沙坪坝',50,6),(5007,'九龙坡',50,7),(5008,'南岸',50,8),(5009,'北碚',50,9),(5010,'万盛',50,10),(5011,'双桥',50,11),(5012,'渝北',50,12),(5013,'巴南',50,13),(5021,'长寿',50,14),(5022,'綦江',50,15),(5023,'潼南',50,16),(5024,'铜梁',50,17),(5025,'大足',50,18),(5026,'荣昌',50,19),(5027,'璧山',50,20),(5028,'梁平',50,21),(5029,'城口',50,22),(5030,'丰都',50,23),(5031,'垫江',50,24),(5032,'武隆',50,25),(5033,'忠县',50,26),(5034,'开县',50,27),(5035,'云阳',50,28),(5036,'奉节',50,29),(5037,'巫山',50,30),(5038,'巫溪',50,31),(5039,'黔江',50,32),(5040,'石柱',50,33),(5041,'秀山',50,34),(5042,'酉阳',50,35),(5043,'彭水',50,36),(5081,'江津',50,37),(5082,'合川',50,38),(5083,'永川',50,39),(5084,'南川',50,40),(5101,'成都',51,1),(5103,'自贡',51,2),(5104,'攀枝花',51,3),(5105,'泸州',51,4),(5106,'德阳',51,5),(5107,'绵阳',51,6),(5108,'广元',51,7),(5109,'遂宁',51,8),(5110,'内江',51,9),(5111,'乐山',51,10),(5113,'南充',51,11),(5114,'眉山',51,12),(5115,'宜宾',51,13),(5116,'广安',51,14),(5117,'达州',51,15),(5118,'雅安',51,16),(5119,'巴中',51,17),(5120,'资阳',51,18),(5132,'阿坝',51,19),(5133,'甘孜',51,20),(5134,'凉山',51,21),(5201,'贵阳',52,1),(5202,'六盘水',52,2),(5203,'遵义',52,3),(5204,'安顺',52,4),(5222,'铜仁',52,5),(5223,'黔西南',52,6),(5224,'毕节',52,7),(5226,'黔东南',52,8),(5227,'黔南',52,9),(5301,'昆明',53,1),(5303,'曲靖',53,2),(5304,'玉溪',53,3),(5305,'保山',53,4),(5306,'昭通',53,5),(5307,'丽江',53,6),(5308,'普洱',53,7),(5309,'临沧',53,8),(5323,'楚雄',53,9),(5325,'红河',53,10),(5326,'文山',53,11),(5328,'西双版纳',53,12),(5329,'大理',53,13),(5331,'德宏',53,14),(5333,'怒江傈',53,15),(5334,'迪庆',53,16),(5401,'拉萨',54,1),(5421,'昌都',54,2),(5422,'山南',54,3),(5423,'日喀则',54,4),(5424,'那曲',54,5),(5425,'阿里',54,6),(5426,'林芝',54,7),(6101,'西安',61,1),(6102,'铜川',61,2),(6103,'宝鸡',61,3),(6104,'咸阳',61,4),(6105,'渭南',61,5),(6106,'延安',61,6),(6107,'汉中',61,7),(6108,'榆林',61,8),(6109,'安康',61,9),(6110,'商洛',61,10),(6201,'兰州',62,1),(6202,'嘉峪关',62,2),(6203,'金昌',62,3),(6204,'白银',62,4),(6205,'天水',62,5),(6206,'武威',62,6),(6207,'张掖',62,7),(6208,'平凉',62,8),(6209,'酒泉',62,9),(6210,'庆阳',62,10),(6211,'定西',62,11),(6212,'陇南',62,12),(6229,'临夏',62,13),(6230,'甘南',62,14),(6301,'西宁',63,1),(6321,'海东',63,2),(6322,'海北',63,3),(6323,'黄南',63,4),(6325,'海南',63,5),(6326,'果洛',63,6),(6327,'玉树',63,7),(6328,'海西',63,8),(6401,'银川',64,1),(6402,'石嘴山',64,2),(6403,'吴忠',64,3),(6404,'固原',64,4),(6405,'中卫',64,5),(6501,'乌鲁木齐',65,1),(6502,'克拉玛依',65,2),(6521,'吐鲁番',65,3),(6522,'哈密',65,4),(6523,'昌吉',65,5),(6527,'博尔塔拉',65,6),(6528,'巴音郭楞',65,7),(6529,'阿克苏',65,8),(6530,'克孜勒苏',65,9),(6531,'喀什',65,10),(6532,'和田',65,11),(6540,'伊犁',65,12),(6542,'塔城',65,13),(6543,'阿勒泰',65,14),(6544,'石河子',65,15),(6545,'阿拉尔',65,16),(6546,'图木舒克',65,17),(6547,'五家渠',65,18),(7101,'台北市',71,1),(7102,'高雄市',71,2),(7103,'基隆市',71,3),(7104,'台中市',71,4),(7105,'台南市',71,5),(7106,'新竹市',71,6),(7107,'嘉义市',71,7),(7108,'台北县',71,8),(7109,'宜兰县',71,9),(7110,'新竹县',71,10),(7111,'桃园县',71,11),(7112,'苗栗县',71,12),(7113,'台中县',71,13),(7114,'彰化县',71,14),(7115,'南投县',71,15),(7116,'嘉义县',71,16),(7117,'云林县',71,17),(7118,'台南县',71,18),(7119,'高雄县',71,19),(7120,'屏东县',71,20),(7121,'台东县',71,21),(7122,'花莲县',71,22),(7123,'澎湖县',71,23),(8101,'中西区',81,1),(8102,'东区',81,2),(8103,'九龙城区',81,3),(8104,'观塘区',81,4),(8105,'南区',81,5),(8106,'深水区',81,6),(8107,'湾仔区',81,7),(8108,'黄大仙区',81,8),(8109,'油尖旺区',81,9),(8110,'离岛区',81,10),(8111,'葵青区',81,11),(8112,'北区',81,12),(8113,'西贡区',81,13),(8114,'沙田区',81,14),(8115,'屯门区',81,15),(8116,'大埔区',81,16),(8117,'荃湾区',81,17),(8118,'元朗区',81,18),(8201,'花地玛堂区',82,1),(8202,'圣安多尼堂区',82,2),(8203,'大堂区',82,3),(8204,'望德堂区',82,4),(8205,'风顺堂区',82,5),(8206,'嘉模堂区',82,6),(8207,'圣方济各堂区',82,7),(610424,'乾县',6104,6),(610423,'泾阳县',6104,5),(610422,'三原县',6104,4),(610404,'渭城区',6104,3),(610403,'杨凌区',6104,2),(610402,'秦都区',6104,1),(610331,'太白县',6103,12),(610330,'凤县',6103,11),(610329,'麟游县',6103,10),(610328,'千阳县',6103,9),(610327,'陇县',6103,8),(610326,'眉县',6103,7),(610324,'扶风县',6103,6),(610323,'岐山县',6103,5),(610322,'凤翔县',6103,4),(610304,'陈仓区',6103,3),(610303,'金台区',6103,2),(610302,'渭滨区',6103,1),(610222,'宜君县',6102,4),(610204,'耀州区',6102,3),(610203,'印台区',6102,2),(610202,'王益区',6102,1),(610126,'高陵县',6101,13),(610125,'户县',6101,12),(610124,'周至县',6101,11),(610122,'蓝田县',6101,10),(610116,'长安区',6101,9),(610115,'临潼区',6101,8),(610114,'阎良区',6101,7),(610113,'雁塔区',6101,6),(610112,'未央区',6101,5),(610111,'灞桥区',6101,4),(610104,'莲湖区',6101,3),(610103,'碑林区',6101,2),(610102,'新城区',6101,1),(542627,'朗县',5426,7),(542626,'察隅县',5426,6),(542625,'波密县',5426,5),(542624,'墨脱县',5426,4),(542623,'米林县',5426,3),(542622,'工布江达县',5426,2),(542621,'林芝县',5426,1),(542527,'措勤县',5425,7),(542526,'改则县',5425,6),(542525,'革吉县',5425,5),(542524,'日土县',5425,4),(542523,'噶尔县',5425,3),(542522,'札达县',5425,2),(542521,'普兰县',5425,1),(542430,'尼玛县',5424,10),(542429,'巴青县',5424,9),(542428,'班戈县',5424,8),(542427,'索县',5424,7),(542426,'申扎县',5424,6),(542425,'安多县',5424,5),(542424,'聂荣县',5424,4),(542423,'比如县',5424,3),(542422,'嘉黎县',5424,2),(542421,'那曲县',5424,1),(542338,'岗巴县',5423,18),(542337,'萨嘎县',5423,17),(542336,'聂拉木县',5423,16),(542335,'吉隆县',5423,15),(542334,'亚东县',5423,14),(542333,'仲巴县',5423,13),(542332,'定结县',5423,12),(542331,'康马县',5423,11),(542330,'仁布县',5423,10),(542329,'白朗县',5423,9),(542328,'谢通门县',5423,8),(542327,'昂仁县',5423,7),(542326,'拉孜县',5423,6),(542325,'萨迦县',5423,5),(542324,'定日县',5423,4),(542323,'江孜县',5423,3),(542322,'南木林县',5423,2),(542301,'日喀则市',5423,1),(542233,'浪卡子县',5422,12),(542232,'错那县',5422,11),(542231,'隆子县',5422,10),(542229,'加查县',5422,9),(542228,'洛扎县',5422,8),(542227,'措美县',5422,7),(542226,'曲松县',5422,6),(542225,'琼结县',5422,5),(542224,'桑日县',5422,4),(542223,'贡嘎县',5422,3),(542222,'扎囊县',5422,2),(542221,'乃东县',5422,1),(542133,'边坝县',5421,11),(542132,'洛隆县',5421,10),(542129,'芒康县',5421,9),(542128,'左贡县',5421,8),(542127,'八宿县',5421,7),(542126,'察雅县',5421,6),(542125,'丁青县',5421,5),(542124,'类乌齐县',5421,4),(542123,'贡觉县',5421,3),(542122,'江达县',5421,2),(542121,'昌都县',5421,1),(540127,'墨竹工卡县',5401,8),(540126,'达孜县',5401,7),(540125,'堆龙德庆县',5401,6),(540124,'曲水县',5401,5),(540123,'尼木县',5401,4),(540122,'当雄县',5401,3),(540121,'林周县',5401,2),(540102,'城关区',5401,1),(533423,'维西傈僳族自治县',5334,3),(533422,'德钦县',5334,2),(533421,'香格里拉县',5334,1),(533325,'兰坪白族普米族自治县',5333,4),(533324,'贡山独龙族怒族自治县',5333,3),(533323,'福贡县',5333,2),(533321,'泸水县',5333,1),(533124,'陇川县',5331,5),(533123,'盈江县',5331,4),(533122,'梁河县',5331,3),(533103,'潞西市',5331,2),(533102,'瑞丽市',5331,1),(532932,'鹤庆县',5329,12),(532931,'剑川县',5329,11),(532930,'洱源县',5329,10),(532929,'云龙县',5329,9),(532928,'永平县',5329,8),(532927,'巍山彝族回族自治县',5329,7),(532926,'南涧彝族自治县',5329,6),(532925,'弥渡县',5329,5),(532924,'宾川县',5329,4),(532923,'祥云县',5329,3),(532922,'漾濞彝族自治县',5329,2),(532901,'大理市',5329,1),(532823,'勐腊县',5328,3),(532822,'勐海县',5328,2),(532801,'景洪市',5328,1),(532628,'富宁县',5326,8),(532627,'广南县',5326,7),(532626,'丘北县',5326,6),(532625,'马关县',5326,5),(532624,'麻栗坡县',5326,4),(532623,'西畴县',5326,3),(532622,'砚山县',5326,2),(532621,'文山县',5326,1),(532532,'河口瑶族自治县',5325,13),(532531,'绿春县',5325,12),(532530,'金平苗族瑶族傣族自治县',5325,11),(532529,'红河县',5325,10),(532528,'元阳县',5325,9),(532527,'泸西县',5325,8),(532526,'弥勒县',5325,7),(532525,'石屏县',5325,6),(532524,'建水县',5325,5),(532523,'屏边苗族自治县',5325,4),(532522,'蒙自县',5325,3),(532502,'开远市',5325,2),(532501,'个旧市',5325,1),(532331,'禄丰县',5323,10),(532329,'武定县',5323,9),(532328,'元谋县',5323,8),(532327,'永仁县',5323,7),(532326,'大姚县',5323,6),(532325,'姚安县',5323,5),(532324,'南华县',5323,4),(532323,'牟定县',5323,3),(532322,'双柏县',5323,2),(532301,'楚雄市',5323,1),(530927,'沧源佤族自治县',5309,8),(530926,'耿马傣族佤族自治县',5309,7),(530925,'双江拉祜族佤族布朗族傣族自治县',5309,6),(530924,'镇康县',5309,5),(530923,'永德县',5309,4),(530922,'云县',5309,3),(530921,'凤庆县',5309,2),(530902,'临翔区',5309,1),(530829,'西盟佤族自治县',5308,10),(530828,'澜沧拉祜族自治县',5308,9),(530827,'孟连傣族拉祜族佤族自治县',5308,8),(530826,'江城哈尼族彝族自治县',5308,7),(530825,'镇沅彝族哈尼族拉祜族自治县',5308,6),(530824,'景谷傣族彝族自治县',5308,5),(530823,'景东彝族自治县',5308,4),(530822,'墨江哈尼族自治县',5308,3),(530821,'宁洱镇',5308,2),(530802,'思茅区',5308,1),(530724,'宁蒗彝族自治县',5307,5),(530723,'华坪县',5307,4),(530722,'永胜县',5307,3),(530721,'玉龙纳西族自治县',5307,2),(530702,'古城区',5307,1),(530630,'水富县',5306,11),(530629,'威信县',5306,10),(530628,'彝良县',5306,9),(530627,'镇雄县',5306,8),(530626,'绥江县',5306,7),(530625,'永善县',5306,6),(530624,'大关县',5306,5),(530623,'盐津县',5306,4),(530622,'巧家县',5306,3),(530621,'鲁甸县',5306,2),(530602,'昭阳区',5306,1),(530524,'昌宁县',5305,5),(530523,'龙陵县',5305,4),(530522,'腾冲县',5305,3),(530521,'施甸县',5305,2),(530502,'隆阳区',5305,1),(530428,'元江哈尼族彝族傣族自治县',5304,9),(530427,'新平彝族傣族自治县',5304,8),(530426,'峨山彝族自治县',5304,7),(530425,'易门县',5304,6),(530424,'华宁县',5304,5),(530423,'通海县',5304,4),(530422,'澄江县',5304,3),(530421,'江川县',5304,2),(530402,'红塔区',5304,1),(530381,'宣威市',5303,9),(530328,'沾益县',5303,8),(530326,'会泽县',5303,7),(530325,'富源县',5303,6),(530324,'罗平县',5303,5),(530323,'师宗县',5303,4),(530322,'陆良县',5303,3),(530321,'马龙县',5303,2),(530302,'麒麟区',5303,1),(530181,'安宁市',5301,14),(530129,'寻甸回族彝族自治县',5301,13),(530128,'禄劝彝族苗族自治县',5301,12),(530127,'嵩明县',5301,11),(530126,'石林彝族自治县',5301,10),(530125,'宜良县',5301,9),(530124,'富民县',5301,8),(530122,'晋宁县',5301,7),(530121,'呈贡县',5301,6),(530113,'东川区',5301,5),(530112,'西山区',5301,4),(530111,'官渡区',5301,3),(530103,'盘龙区',5301,2),(530102,'五华区',5301,1),(522732,'三都水族自治县',5227,12),(522731,'惠水县',5227,11),(522730,'龙里县',5227,10),(522729,'长顺县',5227,9),(522728,'罗甸县',5227,8),(522727,'平塘县',5227,7),(522726,'独山县',5227,6),(522725,'瓮安县',5227,5),(522723,'贵定县',5227,4),(522722,'荔波县',5227,3),(522702,'福泉市',5227,2),(522701,'都匀市',5227,1),(522636,'丹寨县',5226,16),(522635,'麻江县',5226,15),(522634,'雷山县',5226,14),(522633,'从江县',5226,13),(522632,'榕江县',5226,12),(522631,'黎平县',5226,11),(522630,'台江县',5226,10),(522629,'剑河县',5226,9),(522628,'锦屏县',5226,8),(522627,'天柱县',5226,7),(522626,'岑巩县',5226,6),(522625,'镇远县',5226,5),(522624,'三穗县',5226,4),(522623,'施秉县',5226,3),(522622,'黄平县',5226,2),(522601,'凯里市',5226,1),(522428,'赫章县',5224,8),(522427,'威宁彝族回族苗族自治县',5224,7),(522426,'纳雍县',5224,6),(522425,'织金县',5224,5),(522424,'金沙县',5224,4),(522423,'黔西县',5224,3),(522422,'大方县',5224,2),(522401,'毕节市',5224,1),(522328,'安龙县',5223,8),(522327,'册亨县',5223,7),(522326,'望谟县',5223,6),(522325,'贞丰县',5223,5),(522324,'晴隆县',5223,4),(522323,'普安县',5223,3),(522322,'兴仁县',5223,2),(522301,'兴义市',5223,1),(522230,'万山特区',5222,10),(522229,'松桃苗族自治县',5222,9),(522228,'沿河土家族自治县',5222,8),(522227,'德江县',5222,7),(522226,'印江土家族苗族自治县',5222,6),(522225,'思南县',5222,5),(522224,'石阡县',5222,4),(522223,'玉屏侗族自治县',5222,3),(522222,'江口县',5222,2),(522201,'铜仁市',5222,1),(520425,'紫云苗族布依族自治县',5204,6),(520424,'关岭布依族苗族自治县',5204,5),(520423,'镇宁布依族苗族自治县',5204,4),(520422,'普定县',5204,3),(520421,'平坝县',5204,2),(520402,'西秀区',5204,1),(520382,'仁怀市',5203,14),(520381,'赤水市',5203,13),(520330,'习水县',5203,12),(520329,'余庆县',5203,11),(520328,'湄潭县',5203,10),(520327,'凤冈县',5203,9),(520326,'务川仡佬族苗族自治县',5203,8),(520325,'道真仡佬族苗族自治县',5203,7),(520324,'正安县',5203,6),(520323,'绥阳县',5203,5),(520322,'桐梓县',5203,4),(520321,'遵义县',5203,3),(520303,'汇川区',5203,2),(520302,'红花岗区',5203,1),(520222,'盘县',5202,4),(520221,'水城县',5202,3),(520203,'六枝特区',5202,2),(520201,'钟山区',5202,1),(520181,'清镇市',5201,10),(520123,'修文县',5201,9),(520122,'息烽县',5201,8),(520121,'开阳县',5201,7),(520114,'小河区',5201,6),(520113,'白云区',5201,5),(520112,'乌当区',5201,4),(520111,'花溪区',5201,3),(520103,'云岩区',5201,2),(520102,'南明区',5201,1),(513437,'雷波县',5134,17),(513436,'美姑县',5134,16),(513435,'甘洛县',5134,15),(513434,'越西县',5134,14),(513433,'冕宁县',5134,13),(513432,'喜德县',5134,12),(513431,'昭觉县',5134,11),(513430,'金阳县',5134,10),(513429,'布拖县',5134,9),(513428,'普格县',5134,8),(513427,'宁南县',5134,7),(513426,'会东县',5134,6),(513425,'会理县',5134,5),(513424,'德昌县',5134,4),(513423,'盐源县',5134,3),(513422,'木里藏族自治县',5134,2),(513401,'西昌市',5134,1),(513338,'得荣县',5133,18),(513337,'稻城县',5133,17),(513336,'乡城县',5133,16),(513335,'巴塘县',5133,15),(513334,'理塘县',5133,14),(513333,'色达县',5133,13),(513332,'石渠县',5133,12),(513331,'白玉县',5133,11),(513330,'德格县',5133,10),(513329,'新龙县',5133,9),(513328,'甘孜县',5133,8),(513327,'炉霍县',5133,7),(513326,'道孚县',5133,6),(513325,'雅江县',5133,5),(513324,'九龙县',5133,4),(513323,'丹巴县',5133,3),(513322,'泸定县',5133,2),(513321,'康定县',5133,1),(513233,'红原县',5132,13),(513232,'若尔盖县',5132,12),(513231,'阿坝县',5132,11),(513230,'壤塘县',5132,10),(513229,'马尔康县',5132,9),(513228,'黑水县',5132,8),(513227,'小金县',5132,7),(513226,'金川县',5132,6),(513225,'九寨沟县',5132,5),(513224,'松潘县',5132,4),(513223,'茂县',5132,3),(513222,'理县',5132,2),(513221,'汶川县',5132,1),(512081,'简阳市',5120,4),(512022,'乐至县',5120,3),(512021,'安岳县',5120,2),(512002,'雁江区',5120,1),(511923,'平昌县',5119,4),(511922,'南江县',5119,3),(511921,'通江县',5119,2),(511902,'巴州区',5119,1),(511827,'宝兴县',5118,8),(511826,'芦山县',5118,7),(511825,'天全县',5118,6),(511824,'石棉县',5118,5),(511823,'汉源县',5118,4),(511822,'荥经县',5118,3),(511821,'名山县',5118,2),(511802,'雨城区',5118,1),(511781,'万源市',5117,7),(511725,'渠县',5117,6),(511724,'大竹县',5117,5),(511723,'开江县',5117,4),(511722,'宣汉县',5117,3),(511721,'达县',5117,2),(511702,'通川区',5117,1),(511681,'华蓥市',5116,5),(511623,'邻水县',5116,4),(511622,'武胜县',5116,3),(511621,'岳池县',5116,2),(511602,'广安区',5116,1),(511529,'屏山县',5115,10),(511528,'兴文县',5115,9),(511527,'筠连县',5115,8),(511526,'珙县',5115,7),(511525,'高县',5115,6),(511524,'长宁县',5115,5),(511523,'江安县',5115,4),(511522,'南溪县',5115,3),(511521,'宜宾县',5115,2),(511502,'翠屏区',5115,1),(511425,'青神县',5114,6),(511424,'丹棱县',5114,5),(511423,'洪雅县',5114,4),(511422,'彭山县',5114,3),(511421,'仁寿县',5114,2),(511402,'东坡区',5114,1),(511381,'阆中市',5113,9),(511325,'西充县',5113,8),(511324,'仪陇县',5113,7),(511323,'蓬安县',5113,6),(511322,'营山县',5113,5),(511321,'南部县',5113,4),(511304,'嘉陵区',5113,3),(511303,'高坪区',5113,2),(511302,'顺庆区',5113,1),(511181,'峨眉山市',5111,11),(511133,'马边彝族自治县',5111,10),(511132,'峨边彝族自治县',5111,9),(511129,'沐川县',5111,8),(511126,'夹江县',5111,7),(511124,'井研县',5111,6),(511123,'犍为县',5111,5),(511113,'金口河区',5111,4),(511112,'五通桥区',5111,3),(511111,'沙湾区',5111,2),(511102,'市中区',5111,1),(511028,'隆昌县',5110,5),(511025,'资中县',5110,4),(511024,'威远县',5110,3),(511011,'东兴区',5110,2),(511002,'市中区',5110,1),(510923,'大英县',5109,5),(510922,'射洪县',5109,4),(510921,'蓬溪县',5109,3),(510904,'安居区',5109,2),(510903,'船山区',5109,1),(510824,'苍溪县',5108,7),(510823,'剑阁县',5108,6),(510822,'青川县',5108,5),(510821,'旺苍县',5108,4),(510812,'朝天区',5108,3),(510811,'元坝区',5108,2),(510802,'利州区',5108,1),(510781,'江油市',5107,9),(510727,'平武县',5107,8),(510726,'北川羌族自治县',5107,7),(510725,'梓潼县',5107,6),(510724,'安县',5107,5),(510723,'盐亭县',5107,4),(510722,'三台县',5107,3),(510704,'游仙区',5107,2),(510703,'涪城区',5107,1),(510683,'绵竹市',5106,6),(510682,'什邡市',5106,5),(510681,'广汉市',5106,4),(510626,'罗江县',5106,3),(510623,'中江县',5106,2),(510603,'旌阳区',5106,1),(510525,'古蔺县',5105,7),(510524,'叙永县',5105,6),(510522,'合江县',5105,5),(510521,'泸县',5105,4),(510504,'龙马潭区',5105,3),(510503,'纳溪区',5105,2),(510502,'江阳区',5105,1),(510422,'盐边县',5104,5),(510421,'米易县',5104,4),(510411,'仁和区',5104,3),(510403,'西区',5104,2),(510402,'东区',5104,1),(510322,'富顺县',5103,6),(510321,'荣县',5103,5),(510311,'沿滩区',5103,4),(510304,'大安区',5103,3),(510303,'贡井区',5103,2),(510302,'自流井区',5103,1),(510184,'崇州市',5101,19),(510183,'邛崃市',5101,18),(510182,'彭州市',5101,17),(510181,'都江堰市',5101,16),(510132,'新津县',5101,15),(510131,'蒲江县',5101,14),(510129,'大邑县',5101,13),(510124,'郫县',5101,12),(510122,'双流县',5101,11),(510121,'金堂县',5101,10),(510115,'温江区',5101,9),(510114,'新都区',5101,8),(510113,'青白江区',5101,7),(510112,'龙泉驿区',5101,6),(510108,'成华区',5101,5),(510107,'武侯区',5101,4),(510106,'金牛区',5101,3),(510105,'青羊区',5101,2),(510104,'锦江区',5101,1),(508419,'南川区',5084,1),(508318,'永川区',5083,1),(508217,'合川区',5082,1),(508116,'江津区',5081,1),(504343,'彭水苗族土家族自治县',5043,1),(504242,'酉阳土家族苗族自治县',5042,1),(504141,'秀山土家族苗族自治县',5041,1),(504040,'石柱土家族自治县',5040,1),(503914,'黔江区',5039,1),(503838,'巫溪县',5038,1),(503737,'巫山县',5037,1),(503636,'奉节县',5036,1),(503535,'云阳县',5035,1),(503434,'开县',5034,1),(503333,'忠县',5033,1),(503232,'武隆县',5032,1),(503131,'垫江县',5031,1),(503030,'丰都县',5030,1),(502929,'城口县',5029,1),(502828,'梁平县',5028,1),(502727,'璧山县',5027,1),(502626,'荣昌县',5026,1),(502525,'大足县',5025,1),(502424,'铜梁县',5024,1),(502323,'潼南县',5023,1),(502222,'綦江县',5022,1),(502115,'长寿区',5021,1),(501313,'巴南区',5013,1),(501212,'渝北区',5012,1),(501111,'双桥区',5011,1),(501010,'万盛区',5010,1),(500909,'北碚区',5009,1),(500808,'南岸区',5008,1),(500707,'九龙坡区',5007,1),(500606,'沙坪坝区',5006,1),(500505,'江北区',5005,1),(500104,'大渡口区',5004,1),(500303,'渝中区',5003,1),(500202,'涪陵区',5002,1),(500101,'万州区',5001,1),(460800,'东方',4608,1),(460700,'万宁',4607,1),(460600,'文昌',4606,1),(460500,'儋州',4605,1),(460400,'琼海',4604,1),(460300,'五指山',4603,1),(460200,'三亚市',4602,1),(460108,'美兰区',4601,4),(460107,'琼山区',4601,3),(460106,'龙华区',4601,2),(460105,'秀英区',4601,1),(451481,'凭祥市',4514,7),(451425,'天等县',4514,6),(451424,'大新县',4514,5),(451423,'龙州县',4514,4),(451422,'宁明县',4514,3),(451421,'扶绥县',4514,2),(451402,'江洲区',4514,1),(451381,'合山市',4513,6),(451324,'金秀瑶族自治县',4513,5),(451323,'武宣县',4513,4),(451322,'象州县',4513,3),(451321,'忻城县',4513,2),(451302,'兴宾区',4513,1),(451281,'宜州市',4512,11),(451229,'大化瑶族自治县',4512,10),(451228,'都安瑶族自治县',4512,9),(451227,'巴马瑶族自治县',4512,8),(451226,'环江毛南族自治县',4512,7),(451225,'罗城仫佬族自治县',4512,6),(451224,'东兰县',4512,5),(451223,'凤山县',4512,4),(451222,'天峨县',4512,3),(451221,'南丹县',4512,2),(451202,'金城江区',4512,1),(451123,'富川瑶族自治县',4511,4),(451122,'钟山县',4511,3),(451121,'昭平县',4511,2),(451102,'八步区',4511,1),(451031,'隆林各族自治县',4510,12),(451030,'西林县',4510,11),(451029,'田林县',4510,10),(451028,'乐业县',4510,9),(451027,'凌云县',4510,8),(451026,'那坡县',4510,7),(451025,'靖西县',4510,6),(451024,'德保县',4510,5),(451023,'平果县',4510,4),(451022,'田东县',4510,3),(451021,'田阳县',4510,2),(451002,'右江区',4510,1),(450981,'北流市',4509,6),(450924,'兴业县',4509,5),(450923,'博白县',4509,4),(450922,'陆川县',4509,3),(450921,'容县',4509,2),(450902,'玉州区',4509,1),(450881,'桂平市',4508,5),(450821,'平南县',4508,4),(450804,'覃塘区',4508,3),(450803,'港南区',4508,2),(450802,'港北区',4508,1),(450722,'浦北县',4507,4),(450721,'灵山县',4507,3),(450703,'钦北区',4507,2),(450702,'钦南区',4507,1),(450681,'东兴市',4506,4),(450621,'上思县',4506,3),(450603,'防城区',4506,2),(450602,'港口区',4506,1),(450521,'合浦县',4505,4),(450512,'铁山港区',4505,3),(450503,'银海区',4505,2),(450502,'海城区',4505,1),(450481,'岑溪市',4504,7),(450423,'蒙山县',4504,6),(450422,'藤县',4504,5),(450421,'苍梧县',4504,4),(450405,'长洲区',4504,3),(450404,'蝶山区',4504,2),(450403,'万秀区',4504,1),(450332,'恭城瑶族自治县',4503,17),(450331,'荔蒲县',4503,16),(450330,'平乐县',4503,15),(450329,'资源县',4503,14),(450328,'龙胜各族自治县',4503,13),(450327,'灌阳县',4503,12),(450326,'永福县',4503,11),(450325,'兴安县',4503,10),(450324,'全州县',4503,9),(450323,'灵川县',4503,8),(450322,'临桂县',4503,7),(450321,'阳朔县',4503,6),(450311,'雁山区',4503,5),(450305,'七星区',4503,4),(450304,'象山区',4503,3),(450303,'叠彩区',4503,2),(450302,'秀峰区',4503,1),(450226,'三江侗族自治县',4502,10),(450225,'融水苗族自治县',4502,9),(450224,'融安县',4502,8),(450223,'鹿寨县',4502,7),(450222,'柳城县',4502,6),(450221,'柳江县',4502,5),(450205,'柳北区',4502,4),(450204,'柳南区',4502,3),(450203,'鱼峰区',4502,2),(450202,'城中区',4502,1),(450127,'横县',4501,12),(450126,'宾阳县',4501,11),(450125,'上林县',4501,10),(450124,'马山县',4501,9),(450123,'隆安县',4501,8),(450122,'武鸣县',4501,7),(450109,'邕宁区',4501,6),(450108,'良庆区',4501,5),(450107,'西乡塘区',4501,4),(450105,'江南区',4501,3),(450103,'青秀区',4501,2),(450102,'兴宁区',4501,1),(445381,'罗定市',4453,5),(445323,'云安县',4453,4),(445322,'郁南县',4453,3),(445321,'新兴县',4453,2),(445302,'云城区',4453,1),(445281,'普宁市',4452,5),(445224,'惠来县',4452,4),(445222,'揭西县',4452,3),(445221,'揭东县',4452,2),(445202,'榕城区',4452,1),(445122,'饶平县',4451,3),(445121,'潮安县',4451,2),(445102,'湘桥区',4451,1),(442000,'中山市',4420,1),(441900,'东莞市',4419,1),(441882,'连州市',4418,8),(441881,'英德市',4418,7),(441827,'清新县',4418,6),(441826,'连南瑶族自治县',4418,5),(441825,'连山壮族瑶族自治县',4418,4),(441823,'阳山县',4418,3),(441821,'佛冈县',4418,2),(441802,'清城区',4418,1),(441781,'阳春市',4417,4),(441723,'阳东县',4417,3),(441721,'阳西县',4417,2),(441702,'江城区',4417,1),(441625,'东源县',4416,6),(441624,'和平县',4416,5),(441623,'连平县',4416,4),(441622,'龙川县',4416,3),(441621,'紫金县',4416,2),(441602,'源城区',4416,1),(441581,'陆丰市',4415,4),(441523,'陆河县',4415,3),(441521,'海丰县',4415,2),(441502,'城区',4415,1),(441481,'兴宁市',4414,8),(441427,'蕉岭县',4414,7),(441426,'平远县',4414,6),(441424,'五华县',4414,5),(441423,'丰顺县',4414,4),(441422,'大埔县',4414,3),(441421,'梅县',4414,2),(441402,'梅江区',4414,1),(441324,'龙门县',4413,5),(441323,'惠东县',4413,4),(441322,'博罗县',4413,3),(441303,'惠阳区',4413,2),(441302,'惠城区',4413,1),(441284,'四会市',4412,8),(441283,'高要市',4412,7),(441226,'德庆县',4412,6),(441225,'封开县',4412,5),(441224,'怀集县',4412,4),(441223,'广宁县',4412,3),(441203,'鼎湖区',4412,2),(441202,'端州区',4412,1),(440983,'信宜市',4409,6),(440982,'化州市',4409,5),(440981,'高州市',4409,4),(440923,'电白县',4409,3),(440903,'茂港区',4409,2),(440902,'茂南区',4409,1),(440883,'吴川市',4408,9),(440882,'雷州市',4408,8),(440881,'廉江市',4408,7),(440825,'徐闻县',4408,6),(440823,'遂溪县',4408,5),(440811,'麻章区',4408,4),(440804,'坡头区',4408,3),(440803,'霞山区',4408,2),(440802,'赤坎区',4408,1),(440785,'恩平市',4407,7),(440784,'鹤山市',4407,6),(440783,'开平市',4407,5),(440781,'台山市',4407,4),(440705,'新会区',4407,3),(440704,'江海区',4407,2),(440703,'蓬江区',4407,1),(440608,'高明区',4406,5),(440607,'三水区',4406,4),(440606,'顺德区',4406,3),(440605,'南海区',4406,2),(440604,'禅城区',4406,1),(440523,'南澳县',4405,7),(440515,'澄海区',4405,6),(440514,'潮南区',4405,5),(440513,'潮阳区',4405,4),(440512,'濠江区',4405,3),(440511,'金平区',4405,2),(440507,'龙湖区',4405,1),(440404,'金湾区',4404,3),(440403,'斗门区',4404,2),(440402,'香洲区',4404,1),(440308,'盐田区',4403,6),(440307,'龙岗区',4403,5),(440306,'宝安区',4403,4),(440305,'南山区',4403,3),(440304,'福田区',4403,2),(440303,'罗湖区',4403,1),(440282,'南雄市',4402,10),(440281,'乐昌市',4402,9),(440233,'新丰县',4402,8),(440232,'乳源瑶族自治县',4402,7),(440229,'翁源县',4402,6),(440224,'仁化县',4402,5),(440222,'始兴县',4402,4),(440205,'曲江区',4402,3),(440204,'浈江区',4402,2),(440203,'武江区',4402,1),(440184,'从化市',4401,12),(440183,'增城市',4401,11),(440116,'萝岗区',4401,10),(440115,'南沙区',4401,9),(440114,'花都区',4401,8),(440113,'番禺区',4401,7),(440112,'黄埔区',4401,6),(440111,'白云区',4401,5),(440106,'天河区',4401,4),(440105,'海珠区',4401,3),(440104,'越秀区',4401,2),(440103,'荔湾区',4401,1),(433130,'龙山县',4331,8),(433127,'永顺县',4331,7),(433126,'古丈县',4331,6),(433125,'保靖县',4331,5),(433124,'花垣县',4331,4),(433123,'凤凰县',4331,3),(433122,'泸溪县',4331,2),(433101,'吉首市',4331,1),(431382,'涟源市',4313,5),(431381,'冷水江市',4313,4),(431322,'新化县',4313,3),(431321,'双峰县',4313,2),(431302,'娄星区',4313,1),(431281,'洪江市',4312,12),(431230,'通道侗族自治县',4312,11),(431229,'靖州苗族侗族自治县',4312,10),(431228,'芷江侗族自治县',4312,9),(431227,'新晃侗族自治县',4312,8),(431226,'麻阳苗族自治县',4312,7),(431225,'会同县',4312,6),(431224,'溆浦县',4312,5),(431223,'辰溪县',4312,4),(431222,'沅陵县',4312,3),(431221,'中方县',4312,2),(431202,'鹤城区',4312,1),(431129,'江华瑶族自治县',4311,11),(431128,'新田县',4311,10),(431127,'蓝山县',4311,9),(431126,'宁远县',4311,8),(431125,'江永县',4311,7),(431124,'道县',4311,6),(431123,'双牌县',4311,5),(431122,'东安县',4311,4),(431121,'祁阳县',4311,3),(431103,'冷水滩区',4311,2),(431102,'零陵区',4311,1),(431081,'资兴市',4310,11),(431028,'安仁县',4310,10),(431027,'桂东县',4310,9),(431026,'汝城县',4310,8),(431025,'临武县',4310,7),(431024,'嘉禾县',4310,6),(431023,'永兴县',4310,5),(431022,'宜章县',4310,4),(431021,'桂阳县',4310,3),(431003,'苏仙区',4310,2),(431002,'北湖区',4310,1),(430981,'沅江市',4309,6),(430923,'安化县',4309,5),(430922,'桃江县',4309,4),(430921,'南县',4309,3),(430903,'赫山区',4309,2),(430902,'资阳区',4309,1),(430822,'桑植县',4308,4),(430821,'慈利县',4308,3),(430811,'武陵源区',4308,2),(430802,'永定区',4308,1),(430781,'津市市',4307,9),(430726,'石门县',4307,8),(430725,'桃源县',4307,7),(430724,'临澧县',4307,6),(430723,'澧县',4307,5),(430722,'汉寿县',4307,4),(430721,'安乡县',4307,3),(430703,'鼎城区',4307,2),(430702,'武陵区',4307,1),(430682,'临湘市',4306,9),(430681,'汨罗市',4306,8),(430626,'平江县',4306,7),(430624,'湘阴县',4306,6),(430623,'华容县',4306,5),(430621,'岳阳县',4306,4),(430611,'君山区',4306,3),(430603,'云溪区',4306,2),(430602,'岳阳楼区',4306,1),(430581,'武冈市',4305,12),(430529,'城步苗族自治县',4305,11),(430528,'新宁县',4305,10),(430527,'绥宁县',4305,9),(430525,'洞口县',4305,8),(430524,'隆回县',4305,7),(430523,'邵阳县',4305,6),(430522,'新邵县',4305,5),(430521,'邵东县',4305,4),(430511,'北塔区',4305,3),(430503,'大祥区',4305,2),(430502,'双清区',4305,1),(430482,'常宁市',4304,12),(430481,'耒阳市',4304,11),(430426,'祁东县',4304,10),(430424,'衡东县',4304,9),(430423,'衡山县',4304,8),(430422,'衡南县',4304,7),(430421,'衡阳县',4304,6),(430412,'南岳区',4304,5),(430408,'蒸湘区',4304,4),(430407,'石鼓区',4304,3),(430406,'雁峰区',4304,2),(430405,'珠晖区',4304,1),(430382,'韶山市',4303,5),(430381,'湘乡市',4303,4),(430321,'湘潭县',4303,3),(430304,'岳塘区',4303,2),(430302,'雨湖区',4303,1),(430281,'醴陵市',4302,9),(430225,'炎陵县',4302,8),(430224,'茶陵县',4302,7),(430223,'攸县',4302,6),(430221,'株洲县',4302,5),(430211,'天元区',4302,4),(430204,'石峰区',4302,3),(430203,'芦淞区',4302,2),(430202,'荷塘区',4302,1),(430181,'浏阳市',4301,9),(430124,'宁乡县',4301,8),(430122,'望城县',4301,7),(430121,'长沙县',4301,6),(430111,'雨花区',4301,5),(430105,'开福区',4301,4),(430104,'岳麓区',4301,3),(430103,'天心区',4301,2),(430102,'芙蓉区',4301,1),(423200,'神农架',4232,1),(423100,'天门',4231,1),(423000,'潜江',4230,1),(422900,'仙桃',4229,1),(422828,'鹤峰县',4228,8),(422827,'来凤县',4228,7),(422826,'咸丰县',4228,6),(422825,'宣恩县',4228,5),(422823,'巴东县',4228,4),(422822,'建始县',4228,3),(422802,'利川市',4228,2),(422801,'恩施市',4228,1),(421321,'随县',4213,3),(421381,'广水市',4213,2),(421302,'曾都区',4213,1),(421281,'赤壁市',4212,6),(421224,'通山县',4212,5),(421223,'崇阳县',4212,4),(421222,'通城县',4212,3),(421221,'嘉鱼县',4212,2),(421202,'咸安区',4212,1),(421182,'武穴市',4211,10),(421181,'麻城市',4211,9),(421127,'黄梅县',4211,8),(421126,'蕲春县',4211,7),(421125,'浠水县',4211,6),(421124,'英山县',4211,5),(421123,'罗田县',4211,4),(421122,'红安县',4211,3),(421121,'团风县',4211,2),(421102,'黄州区',4211,1),(421087,'松滋市',4210,8),(421083,'洪湖市',4210,7),(421081,'石首市',4210,6),(421024,'江陵县',4210,5),(421023,'监利县',4210,4),(421022,'公安县',4210,3),(421003,'荆州区',4210,2),(421002,'沙市区',4210,1),(420984,'汉川市',4209,7),(420982,'安陆市',4209,6),(420981,'应城市',4209,5),(420923,'云梦县',4209,4),(420922,'大悟县',4209,3),(420921,'孝昌县',4209,2),(420902,'孝南区',4209,1),(420881,'钟祥市',4208,5),(420822,'沙洋县',4208,4),(420821,'京山县',4208,3),(420804,'掇刀区',4208,2),(420802,'东宝区',4208,1),(420704,'鄂城区',4207,3),(420703,'华容区',4207,2),(420702,'梁子湖区',4207,1),(420684,'宜城市',4206,9),(420683,'枣阳市',4206,8),(420682,'老河口市',4206,7),(420626,'保康县',4206,6),(420625,'谷城县',4206,5),(420624,'南漳县',4206,4),(420607,'襄阳区',4206,3),(420606,'樊城区',4206,2),(420602,'襄城区',4206,1),(420583,'枝江市',4205,13),(420582,'当阳市',4205,12),(420581,'宜都市',4205,11),(420529,'五峰土家族自治县',4205,10),(420528,'长阳土家族自治县',4205,9),(420527,'秭归县',4205,8),(420526,'兴山县',4205,7),(420525,'远安县',4205,6),(420506,'夷陵区',4205,5),(420505,'猇亭区',4205,4),(420504,'点军区',4205,3),(420503,'伍家岗区',4205,2),(420502,'西陵区',4205,1),(420381,'丹江口市',4203,8),(420325,'房县',4203,7),(420324,'竹溪县',4203,6),(420323,'竹山县',4203,5),(420322,'郧西县',4203,4),(420321,'郧县',4203,3),(420303,'张湾区',4203,2),(420302,'茅箭区',4203,1),(420281,'大冶市',4202,6),(420222,'阳新县',4202,5),(420205,'铁山区',4202,4),(420204,'下陆区',4202,3),(420203,'西塞山区',4202,2),(420202,'黄石港区',4202,1),(420117,'新洲区',4201,13),(420116,'黄陂区',4201,12),(420115,'江夏区',4201,11),(420114,'蔡甸区',4201,10),(420113,'汉南区',4201,9),(420112,'东西湖区',4201,8),(420111,'洪山区',4201,7),(420107,'青山区',4201,6),(420106,'武昌区',4201,5),(420105,'汉阳区',4201,4),(420104,'硚口区',4201,3),(420103,'江汉区',4201,2),(420102,'江岸区',4201,1),(411800,'济源',4118,1),(411729,'新蔡县',4117,10),(411728,'遂平县',4117,9),(411727,'汝南县',4117,8),(411726,'泌阳县',4117,7),(411725,'确山县',4117,6),(411724,'正阳县',4117,5),(411723,'平舆县',4117,4),(411722,'上蔡县',4117,3),(411721,'西平县',4117,2),(411702,'驿城区',4117,1),(411681,'项城市',4116,10),(411628,'鹿邑县',4116,9),(411627,'太康县',4116,8),(411626,'淮阳县',4116,7),(411625,'郸城县',4116,6),(411624,'沈丘县',4116,5),(411623,'商水县',4116,4),(411622,'西华县',4116,3),(411621,'扶沟县',4116,2),(411602,'川汇区',4116,1),(411528,'息县',4115,10),(411527,'淮滨县',4115,9),(411526,'潢川县',4115,8),(411525,'固始县',4115,7),(411524,'商城县',4115,6),(411523,'新县',4115,5),(411522,'光山县',4115,4),(411521,'罗山县',4115,3),(411503,'平桥区',4115,2),(411502,'浉河区',4115,1),(411481,'永城市',4114,9),(411426,'夏邑县',4114,8),(411425,'虞城县',4114,7),(411424,'柘城县',4114,6),(411423,'宁陵县',4114,5),(411422,'睢县',4114,4),(411421,'民权县',4114,3),(411403,'睢阳区',4114,2),(411402,'梁园区',4114,1),(411381,'邓州市',4113,13),(411330,'桐柏县',4113,12),(411329,'新野县',4113,11),(411328,'唐河县',4113,10),(411327,'社旗县',4113,9),(411326,'淅川县',4113,8),(411325,'内乡县',4113,7),(411324,'镇平县',4113,6),(411323,'西峡县',4113,5),(411322,'方城县',4113,4),(411321,'南召县',4113,3),(411303,'卧龙区',4113,2),(411302,'宛城区',4113,1),(411282,'灵宝市',4112,6),(411281,'义马市',4112,5),(411224,'卢氏县',4112,4),(411222,'陕县',4112,3),(411221,'渑池县',4112,2),(411202,'湖滨区',4112,1),(411122,'临颍县',4111,5),(411121,'舞阳县',4111,4),(411104,'召陵区',4111,3),(411103,'郾城区',4111,2),(411102,'源汇区',4111,1),(411082,'长葛市',4110,6),(411081,'禹州市',4110,5),(411025,'襄城县',4110,4),(411024,'鄢陵县',4110,3),(411023,'许昌县',4110,2),(411002,'魏都区',4110,1),(410928,'濮阳县',4109,6),(410927,'台前县',4109,5),(410926,'范县',4109,4),(410923,'南乐县',4109,3),(410922,'清丰县',4109,2),(410902,'华龙区',4109,1),(410883,'孟州市',4108,10),(410882,'沁阳市',4108,9),(410825,'温县',4108,8),(410823,'武陟县',4108,7),(410822,'博爱县',4108,6),(410821,'修武县',4108,5),(410811,'山阳区',4108,4),(410804,'马村区',4108,3),(410803,'中站区',4108,2),(410802,'解放区',4108,1),(410782,'辉县市',4107,12),(410781,'卫辉市',4107,11),(410728,'长垣县',4107,10),(410727,'封丘县',4107,9),(410726,'延津县',4107,8),(410725,'原阳县',4107,7),(410724,'获嘉县',4107,6),(410721,'新乡县',4107,5),(410711,'牧野区',4107,4),(410704,'凤泉区',4107,3),(410703,'卫滨区',4107,2),(410702,'红旗区',4107,1),(410622,'淇县',4106,5),(410621,'浚县',4106,4),(410611,'淇滨区',4106,3),(410603,'山城区',4106,2),(410602,'鹤山区',4106,1),(410581,'林州市',4105,9),(410527,'内黄县',4105,8),(410526,'滑县',4105,7),(410523,'汤阴县',4105,6),(410522,'安阳县',4105,5),(410506,'龙安区',4105,4),(410505,'殷都区',4105,3),(410503,'北关区',4105,2),(410502,'文峰区',4105,1),(410482,'汝州市',4104,10),(410481,'舞钢市',4104,9),(410425,'郏县',4104,8),(410423,'鲁山县',4104,7),(410422,'叶县',4104,6),(410421,'宝丰县',4104,5),(410411,'湛河区',4104,4),(410404,'石龙区',4104,3),(410403,'卫东区',4104,2),(410402,'新华区',4104,1),(410381,'偃师市',4103,15),(410329,'伊川县',4103,14),(410328,'洛宁县',4103,13),(410327,'宜阳县',4103,12),(410326,'汝阳县',4103,11),(410325,'嵩县',4103,10),(410324,'栾川县',4103,9),(410323,'新安县',4103,8),(410322,'孟津县',4103,7),(410307,'洛龙区',4103,6),(410306,'吉利区',4103,5),(410305,'涧西区',4103,4),(410304,'廛河回族区',4103,3),(410303,'西工区',4103,2),(410302,'老城区',4103,1),(410225,'兰考县',4102,10),(410224,'开封县',4102,9),(410223,'尉氏县',4102,8),(410222,'通许县',4102,7),(410221,'杞县',4102,6),(410211,'金明区',4102,5),(410205,'禹王台区',4102,4),(410204,'鼓楼区',4102,3),(410203,'顺河回族区',4102,2),(410202,'龙亭区',4102,1),(410185,'登封市',4101,12),(410184,'新郑市',4101,11),(410183,'新密市',4101,10),(410182,'荥阳市',4101,9),(410181,'巩义市',4101,8),(410122,'中牟县',4101,7),(410108,'惠济区',4101,6),(410106,'上街区',4101,5),(410105,'金水区',4101,4),(410104,'管城回族区',4101,3),(410103,'二七区',4101,2),(410102,'中原区',4101,1),(371728,'东明县',3717,9),(371727,'定陶县',3717,8),(371726,'鄄城县',3717,7),(371725,'郓城县',3717,6),(371724,'巨野县',3717,5),(371723,'成武县',3717,4),(371722,'单县',3717,3),(371721,'曹县',3717,2),(371702,'牡丹区',3717,1),(371626,'邹平县',3716,7),(371625,'博兴县',3716,6),(371624,'沾化县',3716,5),(371623,'无棣县',3716,4),(371622,'阳信县',3716,3),(371621,'惠民县',3716,2),(371602,'滨城区',3716,1),(371581,'临清市',3715,8),(371526,'高唐县',3715,7),(371525,'冠县',3715,6),(371524,'东阿县',3715,5),(371523,'茌平县',3715,4),(371522,'莘县',3715,3),(371521,'阳谷县',3715,2),(371502,'东昌府区',3715,1),(371482,'禹城市',3714,11),(371481,'乐陵市',3714,10),(371428,'武城县',3714,9),(371427,'夏津县',3714,8),(371426,'平原县',3714,7),(371425,'齐河县',3714,6),(371424,'临邑县',3714,5),(371423,'庆云县',3714,4),(371422,'宁津县',3714,3),(371421,'陵县',3714,2),(371402,'德城区',3714,1),(371329,'临沭县',3713,12),(371328,'蒙阴县',3713,11),(371327,'莒南县',3713,10),(371326,'平邑县',3713,9),(371325,'费县',3713,8),(371324,'苍山县',3713,7),(371323,'沂水县',3713,6),(371322,'郯城县',3713,5),(371321,'沂南县',3713,4),(371312,'河东区',3713,3),(371311,'罗庄区',3713,2),(371302,'兰山区',3713,1),(371203,'钢城区',3712,2),(371202,'莱城区',3712,1),(371122,'莒县',3711,4),(371121,'五莲县',3711,3),(371103,'岚山区',3711,2),(371102,'东港区',3711,1),(371083,'乳山市',3710,4),(371082,'荣成市',3710,3),(371081,'文登市',3710,2),(371002,'环翠区',3710,1),(370983,'肥城市',3709,6),(370982,'新泰市',3709,5),(370923,'东平县',3709,4),(370921,'宁阳县',3709,3),(370903,'岱岳区',3709,2),(370902,'泰山区',3709,1),(370883,'邹城市',3708,12),(370882,'兖州市',3708,11),(370881,'曲阜市',3708,10),(370832,'梁山县',3708,9),(370831,'泗水县',3708,8),(370830,'汶上县',3708,7),(370829,'嘉祥县',3708,6),(370828,'金乡县',3708,5),(370827,'鱼台县',3708,4),(370826,'微山县',3708,3),(370811,'任城区',3708,2),(370802,'市中区',3708,1),(370786,'昌邑市',3707,12),(370785,'高密市',3707,11),(370784,'安丘市',3707,10),(370783,'寿光市',3707,9),(370782,'诸城市',3707,8),(370781,'青州市',3707,7),(370725,'昌乐县',3707,6),(370724,'临朐县',3707,5),(370705,'奎文区',3707,4),(370704,'坊子区',3707,3),(370703,'寒亭区',3707,2),(370702,'潍城区',3707,1),(370687,'海阳市',3706,12),(370686,'栖霞市',3706,11),(370685,'招远市',3706,10),(370684,'蓬莱市',3706,9),(370683,'莱州市',3706,8),(370682,'莱阳市',3706,7),(370681,'龙口市',3706,6),(370634,'长岛县',3706,5),(370613,'莱山区',3706,4),(370612,'牟平区',3706,3),(370611,'福山区',3706,2),(370602,'芝罘区',3706,1),(370523,'广饶县',3705,5),(370522,'利津县',3705,4),(370521,'垦利县',3705,3),(370503,'河口区',3705,2),(370502,'东营区',3705,1),(370481,'滕州市',3704,6),(370406,'山亭区',3704,5),(370405,'台儿庄区',3704,4),(370404,'峄城区',3704,3),(370403,'薛城区',3704,2),(370402,'市中区',3704,1),(370323,'沂源县',3703,8),(370322,'高青县',3703,7),(370321,'桓台县',3703,6),(370306,'周村区',3703,5),(370305,'临淄区',3703,4),(370304,'博山区',3703,3),(370303,'张店区',3703,2),(370302,'淄川区',3703,1),(370285,'莱西市',3702,12),(370284,'胶南市',3702,11),(370283,'平度市',3702,10),(370282,'即墨市',3702,9),(370281,'胶州市',3702,8),(370214,'城阳区',3702,7),(370213,'李沧区',3702,6),(370212,'崂山区',3702,5),(370211,'黄岛区',3702,4),(370205,'四方区',3702,3),(370203,'市北区',3702,2),(370202,'市南区',3702,1),(370181,'章丘市',3701,10),(370126,'商河县',3701,9),(370125,'济阳县',3701,8),(370124,'平阴县',3701,7),(370113,'长清区',3701,6),(370112,'历城区',3701,5),(370105,'天桥区',3701,4),(370104,'槐荫区',3701,3),(370103,'市中区',3701,2),(370102,'历下区',3701,1),(361181,'德兴市',3611,12),(361130,'婺源县',3611,11),(361129,'万年县',3611,10),(361128,'鄱阳县',3611,9),(361127,'余干县',3611,8),(361126,'弋阳县',3611,7),(361125,'横峰县',3611,6),(361124,'铅山县',3611,5),(361123,'玉山县',3611,4),(361122,'广丰县',3611,3),(361121,'上饶县',3611,2),(361102,'信州区',3611,1),(361030,'广昌县',3610,11),(361029,'东乡县',3610,10),(361028,'资溪县',3610,9),(361027,'金溪县',3610,8),(361026,'宜黄县',3610,7),(361025,'乐安县',3610,6),(361024,'崇仁县',3610,5),(361023,'南丰县',3610,4),(361022,'黎川县',3610,3),(361021,'南城县',3610,2),(361002,'临川区',3610,1),(360983,'高安市',3609,10),(360982,'樟树市',3609,9),(360981,'丰城市',3609,8),(360926,'铜鼓县',3609,7),(360925,'靖安县',3609,6),(360924,'宜丰县',3609,5),(360923,'上高县',3609,4),(360922,'万载县',3609,3),(360921,'奉新县',3609,2),(360902,'袁州区',3609,1),(360881,'井冈山市',3608,13),(360830,'永新县',3608,12),(360829,'安福县',3608,11),(360828,'万安县',3608,10),(360827,'遂川县',3608,9),(360826,'泰和县',3608,8),(360825,'永丰县',3608,7),(360824,'新干县',3608,6),(360823,'峡江县',3608,5),(360822,'吉水县',3608,4),(360821,'吉安县',3608,3),(360803,'青原区',3608,2),(360802,'吉州区',3608,1),(360782,'南康市',3607,18),(360781,'瑞金市',3607,17),(360735,'石城县',3607,16),(360734,'寻乌县',3607,15),(360733,'会昌县',3607,14),(360732,'兴国县',3607,13),(360731,'于都县',3607,12),(360730,'宁都县',3607,11),(360729,'全南县',3607,10),(360728,'定南县',3607,9),(360727,'龙南县',3607,8),(360726,'安远县',3607,7),(360725,'崇义县',3607,6),(360724,'上犹县',3607,5),(360723,'大余县',3607,4),(360722,'信丰县',3607,3),(360721,'赣县',3607,2),(360702,'章贡区',3607,1),(360681,'贵溪市',3606,3),(360622,'余江县',3606,2),(360602,'月湖区',3606,1),(360521,'分宜县',3605,2),(360502,'渝水区',3605,1),(360481,'瑞昌市',3604,12),(360430,'彭泽县',3604,11),(360429,'湖口县',3604,10),(360428,'都昌县',3604,9),(360427,'星子县',3604,8),(360426,'德安县',3604,7),(360425,'永修县',3604,6),(360424,'修水县',3604,5),(360423,'武宁县',3604,4),(360421,'九江县',3604,3),(360403,'浔阳区',3604,2),(360402,'庐山区',3604,1),(360323,'芦溪县',3603,5),(360322,'上栗县',3603,4),(360321,'莲花县',3603,3),(360313,'湘东区',3603,2),(360302,'安源区',3603,1),(360281,'乐平市',3602,4),(360222,'浮梁县',3602,3),(360203,'珠山区',3602,2),(360202,'昌江区',3602,1),(360124,'进贤县',3601,9),(360123,'安义县',3601,8),(360122,'新建县',3601,7),(360121,'南昌县',3601,6),(360111,'青山湖区',3601,5),(360105,'湾里区',3601,4),(360104,'青云谱区',3601,3),(360103,'西湖区',3601,2),(360102,'东湖区',3601,1),(350982,'福鼎市',3509,9),(350981,'福安市',3509,8),(350926,'柘荣县',3509,7),(350925,'周宁县',3509,6),(350924,'寿宁县',3509,5),(350923,'屏南县',3509,4),(350922,'古田县',3509,3),(350921,'霞浦县',3509,2),(350902,'蕉城区',3509,1),(350881,'漳平市',3508,7),(350825,'连城县',3508,6),(350824,'武平县',3508,5),(350823,'上杭县',3508,4),(350822,'永定县',3508,3),(350821,'长汀县',3508,2),(350802,'新罗区',3508,1),(350784,'建阳市',3507,10),(350783,'建瓯市',3507,9),(350782,'武夷山市',3507,8),(350781,'邵武市',3507,7),(350725,'政和县',3507,6),(350724,'松溪县',3507,5),(350723,'光泽县',3507,4),(350722,'浦城县',3507,3),(350721,'顺昌县',3507,2),(350702,'延平区',3507,1),(350681,'龙海市',3506,11),(350629,'华安县',3506,10),(350628,'平和县',3506,9),(350627,'南靖县',3506,8),(350626,'东山县',3506,7),(350625,'长泰县',3506,6),(350624,'诏安县',3506,5),(350623,'漳浦县',3506,4),(350622,'云霄县',3506,3),(350603,'龙文区',3506,2),(350602,'芗城区',3506,1),(350583,'南安市',3505,12),(350582,'晋江市',3505,11),(350581,'石狮市',3505,10),(350527,'金门县',3505,9),(350526,'德化县',3505,8),(350525,'永春县',3505,7),(350524,'安溪县',3505,6),(350521,'惠安县',3505,5),(350505,'泉港区',3505,4),(350504,'洛江区',3505,3),(350503,'丰泽区',3505,2),(350502,'鲤城区',3505,1),(350481,'永安市',3504,12),(350430,'建宁县',3504,11),(350429,'泰宁县',3504,10),(350428,'将乐县',3504,9),(350427,'沙县',3504,8),(350426,'尤溪县',3504,7),(350425,'大田县',3504,6),(350424,'宁化县',3504,5),(350423,'清流县',3504,4),(350421,'明溪县',3504,3),(350403,'三元区',3504,2),(350402,'梅列区',3504,1),(350322,'仙游县',3503,5),(350305,'秀屿区',3503,4),(350304,'荔城区',3503,3),(350303,'涵江区',3503,2),(350302,'城厢区',3503,1),(350213,'翔安区',3502,6),(350212,'同安区',3502,5),(350211,'集美区',3502,4),(350206,'湖里区',3502,3),(350205,'海沧区',3502,2),(350203,'思明区',3502,1),(350182,'长乐市',3501,13),(350181,'福清市',3501,12),(350128,'平潭县',3501,11),(350125,'永泰县',3501,10),(350124,'闽清县',3501,9),(350123,'罗源县',3501,8),(350122,'连江县',3501,7),(350121,'闽侯县',3501,6),(350111,'晋安区',3501,5),(350105,'马尾区',3501,4),(350104,'仓山区',3501,3),(350103,'台江区',3501,2),(350102,'鼓楼区',3501,1),(341881,'宁国市',3418,7),(341825,'旌德县',3418,6),(341824,'绩溪县',3418,5),(341823,'泾县',3418,4),(341822,'广德县',3418,3),(341821,'郎溪县',3418,2),(341802,'宣州区',3418,1),(341723,'青阳县',3417,4),(341722,'石台县',3417,3),(341721,'东至县',3417,2),(341702,'贵池区',3417,1),(341623,'利辛县',3416,4),(341622,'蒙城县',3416,3),(341621,'涡阳县',3416,2),(341602,'谯城区',3416,1),(341525,'霍山县',3415,7),(341524,'金寨县',3415,6),(341523,'舒城县',3415,5),(341522,'霍邱县',3415,4),(341521,'寿县',3415,3),(341503,'裕安区',3415,2),(341502,'金安区',3415,1),(341424,'和县',3414,5),(341423,'含山县',3414,4),(341422,'无为县',3414,3),(341421,'庐江县',3414,2),(341402,'居巢区',3414,1),(341324,'泗县',3413,5),(341323,'灵璧县',3413,4),(341322,'萧县',3413,3),(341321,'砀山县',3413,2),(341302,'埇桥区',3413,1),(341282,'界首市',3412,8),(341226,'颍上县',3412,7),(341225,'阜南县',3412,6),(341222,'太和县',3412,5),(341221,'临泉县',3412,4),(341204,'颍泉区',3412,3),(341203,'颍东区',3412,2),(341202,'颍州区',3412,1),(341182,'明光市',3411,8),(341181,'天长市',3411,7),(341126,'凤阳县',3411,6),(341125,'定远县',3411,5),(341124,'全椒县',3411,4),(341122,'来安县',3411,3),(341103,'南谯区',3411,2),(341102,'琅琊区',3411,1),(341024,'祁门县',3410,7),(341023,'黟县',3410,6),(341022,'休宁县',3410,5),(341021,'歙县',3410,4),(341004,'徽州区',3410,3),(341003,'黄山区',3410,2),(341002,'屯溪区',3410,1),(340881,'桐城市',3408,11),(340828,'岳西县',3408,10),(340827,'望江县',3408,9),(340826,'宿松县',3408,8),(340825,'太湖县',3408,7),(340824,'潜山县',3408,6),(340823,'枞阳县',3408,5),(340822,'怀宁县',3408,4),(340811,'宜秀区',3408,3),(340803,'大观区',3408,2),(340802,'迎江区',3408,1),(340721,'铜陵县',3407,4),(340711,'郊区',3407,3),(340703,'狮子山区',3407,2),(340702,'铜官山区',3407,1),(340621,'濉溪县',3406,4),(340604,'烈山区',3406,3),(340603,'相山区',3406,2),(340602,'杜集区',3406,1),(340521,'当涂县',3405,4),(340504,'雨山区',3405,3),(340503,'花山区',3405,2),(340502,'金家庄区',3405,1),(340421,'凤台县',3404,6),(340406,'潘集区',3404,5),(340405,'八公山区',3404,4),(340404,'谢家集区',3404,3),(340403,'田家庵区',3404,2),(340402,'大通区',3404,1),(340323,'固镇县',3403,7),(340322,'五河县',3403,6),(340321,'怀远县',3403,5),(340311,'淮上区',3403,4),(340304,'禹会区',3403,3),(340303,'蚌山区',3403,2),(340302,'龙子湖区',3403,1),(340223,'南陵县',3402,7),(340222,'繁昌县',3402,6),(340221,'芜湖县',3402,5),(340208,'三山区',3402,4),(340207,'鸠江区',3402,3),(340203,'弋江区',3402,2),(340202,'镜湖区',3402,1),(340123,'肥西县',3401,7),(340122,'肥东县',3401,6),(340121,'长丰县',3401,5),(340111,'包河区',3401,4),(340104,'蜀山区',3401,3),(340103,'庐阳区',3401,2),(340102,'瑶海区',3401,1),(331181,'龙泉市',3311,9),(331127,'景宁畲族自治县',3311,8),(331126,'庆元县',3311,7),(331125,'云和县',3311,6),(331124,'松阳县',3311,5),(331123,'遂昌县',3311,4),(331122,'缙云县',3311,3),(331121,'青田县',3311,2),(331102,'莲都区',3311,1),(331082,'临海市',3310,9),(331081,'温岭市',3310,8),(331024,'仙居县',3310,7),(331023,'天台县',3310,6),(331022,'三门县',3310,5),(331021,'玉环县',3310,4),(331004,'路桥区',3310,3),(331003,'黄岩区',3310,2),(331002,'椒江区',3310,1),(330922,'嵊泗县',3309,4),(330921,'岱山县',3309,3),(330903,'普陀区',3309,2),(330902,'定海区',3309,1),(330881,'江山市',3308,6),(330825,'龙游县',3308,5),(330824,'开化县',3308,4),(330822,'常山县',3308,3),(330803,'衢江区',3308,2),(330802,'柯城区',3308,1),(330784,'永康市',3307,9),(330783,'东阳市',3307,8),(330782,'义乌市',3307,7),(330781,'兰溪市',3307,6),(330727,'磐安县',3307,5),(330726,'浦江县',3307,4),(330723,'武义县',3307,3),(330703,'金东区',3307,2),(330702,'婺城区',3307,1),(330683,'嵊州市',3306,6),(330682,'上虞市',3306,5),(330681,'诸暨市',3306,4),(330624,'新昌县',3306,3),(330621,'绍兴县',3306,2),(330602,'越城区',3306,1),(330523,'安吉县',3305,5),(330522,'长兴县',3305,4),(330521,'德清县',3305,3),(330503,'南浔区',3305,2),(330502,'吴兴区',3305,1),(330483,'桐乡市',3304,7),(330482,'平湖市',3304,6),(330481,'海宁市',3304,5),(330424,'海盐县',3304,4),(330421,'嘉善县',3304,3),(330411,'秀洲区',3304,2),(330402,'南湖区',3304,1),(330382,'乐清市',3303,11),(330381,'瑞安市',3303,10),(330329,'泰顺县',3303,9),(330328,'文成县',3303,8),(330327,'苍南县',3303,7),(330326,'平阳县',3303,6),(330324,'永嘉县',3303,5),(330322,'洞头县',3303,4),(330304,'瓯海区',3303,3),(330303,'龙湾区',3303,2),(330302,'鹿城区',3303,1),(330283,'奉化市',3302,11),(330282,'慈溪市',3302,10),(330281,'余姚市',3302,9),(330226,'宁海县',3302,8),(330225,'象山县',3302,7),(330212,'鄞州区',3302,6),(330211,'镇海区',3302,5),(330206,'北仑区',3302,4),(330205,'江北区',3302,3),(330204,'江东区',3302,2),(330203,'海曙区',3302,1),(330185,'临安市',3301,13),(330183,'富阳市',3301,12),(330182,'建德市',3301,11),(330127,'淳安县',3301,10),(330122,'桐庐县',3301,9),(330110,'余杭区',3301,8),(330109,'萧山区',3301,7),(330108,'滨江区',3301,6),(330106,'西湖区',3301,5),(330105,'拱墅区',3301,4),(330104,'江干区',3301,3),(330103,'下城区',3301,2),(330102,'上城区',3301,1),(321324,'泗洪县',3213,5),(321323,'泗阳县',3213,4),(321322,'沭阳县',3213,3),(321311,'宿豫区',3213,2),(321302,'宿城区',3213,1),(321284,'姜堰市',3212,6),(321283,'泰兴市',3212,5),(321282,'靖江市',3212,4),(321281,'兴化市',3212,3),(321203,'高港区',3212,2),(321202,'海陵区',3212,1),(321183,'句容市',3211,6),(321182,'扬中市',3211,5),(321181,'丹阳市',3211,4),(321112,'丹徒区',3211,3),(321111,'润州区',3211,2),(321102,'京口区',3211,1),(321088,'江都市',3210,7),(321084,'高邮市',3210,6),(321081,'仪征市',3210,5),(321023,'宝应县',3210,4),(321011,'维扬区',3210,3),(321003,'邗江区',3210,2),(321002,'广陵区',3210,1),(320982,'大丰市',3209,9),(320981,'东台市',3209,8),(320925,'建湖县',3209,7),(320924,'射阳县',3209,6),(320923,'阜宁县',3209,5),(320922,'滨海县',3209,4),(320921,'响水县',3209,3),(320903,'盐都区',3209,2),(320902,'亭湖区',3209,1),(320831,'金湖县',3208,8),(320830,'盱眙县',3208,7),(320829,'洪泽县',3208,6),(320826,'涟水县',3208,5),(320811,'清浦区',3208,4),(320804,'淮阴区',3208,3),(320803,'楚州区',3208,2),(320802,'清河区',3208,1),(320724,'灌南县',3207,7),(320723,'灌云县',3207,6),(320722,'东海县',3207,5),(320721,'赣榆县',3207,4),(320706,'海州区',3207,3),(320705,'新浦区',3207,2),(320703,'连云区',3207,1),(320684,'海门市',3206,8),(320683,'通州市',3206,7),(320682,'如皋市',3206,6),(320681,'启东市',3206,5),(320623,'如东县',3206,4),(320621,'海安县',3206,3),(320611,'港闸区',3206,2),(320602,'崇川区',3206,1),(320585,'太仓市',3205,11),(320584,'吴江市',3205,10),(320583,'昆山市',3205,9),(320582,'张家港市',3205,8),(320581,'常熟市',3205,7),(320507,'相城区',3205,6),(320506,'吴中区',3205,5),(320505,'虎丘区',3205,4),(320504,'金阊区',3205,3),(320503,'平江区',3205,2),(320502,'沧浪区',3205,1),(320482,'金坛市',3204,7),(320481,'溧阳市',3204,6),(320412,'武进区',3204,5),(320411,'新北区',3204,4),(320405,'戚墅堰区',3204,3),(320404,'钟楼区',3204,2),(320402,'天宁区',3204,1),(320382,'邳州市',3203,11),(320381,'新沂市',3203,10),(320324,'睢宁县',3203,9),(320323,'铜山县',3203,8),(320322,'沛县',3203,7),(320321,'丰县',3203,6),(320311,'泉山区',3203,5),(320305,'贾汪区',3203,4),(320304,'九里区',3203,3),(320303,'云龙区',3203,2),(320302,'鼓楼区',3203,1),(320282,'宜兴市',3202,8),(320281,'江阴市',3202,7),(320211,'滨湖区',3202,6),(320206,'惠山区',3202,5),(320205,'锡山区',3202,4),(320204,'北塘区',3202,3),(320203,'南长区',3202,2),(320202,'崇安区',3202,1),(320125,'高淳县',3201,13),(320124,'溧水县',3201,12),(320116,'六合区',3201,11),(320115,'江宁区',3201,10),(320114,'雨花台区',3201,9),(320113,'栖霞区',3201,8),(320111,'浦口区',3201,7),(320107,'下关区',3201,6),(320106,'鼓楼区',3201,5),(320105,'建邺区',3201,4),(320104,'秦淮区',3201,3),(320103,'白下区',3201,2),(320102,'玄武区',3201,1),(313030,'崇明县',3130,1),(312918,'青浦区',3129,1),(312620,'奉贤区',3126,1),(311717,'松江区',3117,1),(311616,'金山区',3116,1),(311515,'浦东新区',3115,1),(311414,'嘉定区',3114,1),(311313,'宝山区',3113,1),(311212,'闵行区',3112,1),(311010,'杨浦区',3110,1),(310909,'虹口区',3109,1),(310808,'闸北区',3108,1),(310707,'普陀区',3107,1),(310606,'静安区',3106,1),(310505,'长宁区',3105,1),(310404,'徐汇区',3104,1),(310303,'卢湾区',3103,1),(310101,'黄浦区',3101,1),(232723,'漠河县',2327,7),(232722,'塔河县',2327,6),(232721,'呼玛县',2327,5),(232704,'呼中区',2327,4),(232703,'新林区',2327,3),(232702,'松岭区',2327,2),(232701,'加格达奇区',2327,1),(231283,'海伦市',2312,10),(231282,'肇东市',2312,9),(231281,'安达市',2312,8),(231226,'绥棱县',2312,7),(231225,'明水县',2312,6),(231224,'庆安县',2312,5),(231223,'青冈县',2312,4),(231222,'兰西县',2312,3),(231221,'望奎县',2312,2),(231202,'北林区',2312,1),(231182,'五大连池市',2311,6),(231181,'北安市',2311,5),(231124,'孙吴县',2311,4),(231123,'逊克县',2311,3),(231121,'嫩江县',2311,2),(231102,'爱辉区',2311,1),(231085,'穆棱市',2310,10),(231084,'宁安市',2310,9),(231083,'海林市',2310,8),(231081,'绥芬河市',2310,7),(231025,'林口县',2310,6),(231024,'东宁县',2310,5),(231005,'西安区',2310,4),(231004,'爱民区',2310,3),(231003,'阳明区',2310,2),(231002,'东安区',2310,1),(230921,'勃利县',2309,4),(230904,'茄子河区',2309,3),(230903,'桃山区',2309,2),(230902,'新兴区',2309,1),(230882,'富锦市',2308,10),(230881,'同江市',2308,9),(230833,'抚远县',2308,8),(230828,'汤原县',2308,7),(230826,'桦川县',2308,6),(230822,'桦南县',2308,5),(230811,'郊区',2308,4),(230805,'东风区',2308,3),(230804,'前进区',2308,2),(230803,'向阳区',2308,1),(230781,'铁力市',2307,17),(230722,'嘉荫县',2307,16),(230716,'上甘岭区',2307,15),(230715,'红星区',2307,14),(230714,'乌伊岭区',2307,13),(230713,'带岭区',2307,12),(230712,'汤旺河区',2307,11),(230711,'乌马河区',2307,10),(230710,'五营区',2307,9),(230709,'金山屯区',2307,8),(230708,'美溪区',2307,7),(230707,'新青区',2307,6),(230706,'翠峦区',2307,5),(230705,'西林区',2307,4),(230704,'友好区',2307,3),(230703,'南岔区',2307,2),(230702,'伊春区',2307,1),(230624,'杜尔伯特蒙古族自治县',2306,9),(230623,'林甸县',2306,8),(230622,'肇源县',2306,7),(230621,'肇州县',2306,6),(230606,'大同区',2306,5),(230605,'红岗区',2306,4),(230604,'让胡路区',2306,3),(230603,'龙凤区',2306,2),(230602,'萨尔图区',2306,1),(230524,'饶河县',2305,8),(230523,'宝清县',2305,7),(230522,'友谊县',2305,6),(230521,'集贤县',2305,5),(230506,'宝山区',2305,4),(230505,'四方台区',2305,3),(230503,'岭东区',2305,2),(230502,'尖山区',2305,1),(230422,'绥滨县',2304,8),(230421,'萝北县',2304,7),(230407,'兴山区',2304,6),(230406,'东山区',2304,5),(230405,'兴安区',2304,4),(230404,'南山区',2304,3),(230403,'工农区',2304,2),(230402,'向阳区',2304,1),(230382,'密山市',2303,9),(230381,'虎林市',2303,8),(230321,'鸡东县',2303,7),(230307,'麻山区',2303,6),(230306,'城子河区',2303,5),(230305,'梨树区',2303,4),(230304,'滴道区',2303,3),(230303,'恒山区',2303,2),(230302,'鸡冠区',2303,1),(230281,'讷河市',2302,16),(230231,'拜泉县',2302,15),(230230,'克东县',2302,14),(230229,'克山县',2302,13),(230227,'富裕县',2302,12),(230225,'甘南县',2302,11),(230224,'泰来县',2302,10),(230223,'依安县',2302,9),(230221,'龙江县',2302,8),(230208,'梅里斯达斡尔族区',2302,7),(230207,'碾子山区',2302,6),(230206,'富拉尔基区',2302,5),(230205,'昂昂溪区',2302,4),(230204,'铁锋区',2302,3),(230203,'建华区',2302,2),(230202,'龙沙区',2302,1),(230184,'五常市',2301,18),(230183,'尚志市',2301,17),(230182,'双城市',2301,16),(230129,'延寿县',2301,15),(230128,'通河县',2301,14),(230127,'木兰县',2301,13),(230126,'巴彦县',2301,12),(230125,'宾县',2301,11),(230124,'方正县',2301,10),(230123,'依兰县',2301,9),(230112,'阿城区',2301,8),(230111,'呼兰区',2301,7),(230110,'香坊区',2301,6),(230109,'松北区',2301,5),(230108,'平房区',2301,4),(230104,'道外区',2301,3),(230103,'南岗区',2301,2),(230102,'道里区',2301,1),(222426,'安图县',2224,8),(222424,'汪清县',2224,7),(222406,'和龙市',2224,6),(222405,'龙井市',2224,5),(222404,'珲春市',2224,4),(222403,'敦化市',2224,3),(222402,'图们市',2224,2),(222401,'延吉市',2224,1),(220882,'大安市',2208,5),(220881,'洮南市',2208,4),(220822,'通榆县',2208,3),(220821,'镇赉县',2208,2),(220802,'洮北区',2208,1),(220724,'扶余县',2207,5),(220723,'乾安县',2207,4),(220722,'长岭县',2207,3),(220721,'前郭尔罗斯蒙古族自治县',2207,2),(220702,'宁江区',2207,1),(220681,'临江市',2206,6),(220623,'长白朝鲜族自治县',2206,5),(220622,'靖宇县',2206,4),(220621,'抚松县',2206,3),(220604,'江源区',2206,2),(220602,'八道江区',2206,1),(220582,'集安市',2205,7),(220581,'梅河口市',2205,6),(220524,'柳河县',2205,5),(220523,'辉南县',2205,4),(220521,'通化县',2205,3),(220503,'二道江区',2205,2),(220502,'东昌区',2205,1),(220422,'东辽县',2204,4),(220421,'东丰县',2204,3),(220403,'西安区',2204,2),(220402,'龙山区',2204,1),(220382,'双辽市',2203,6),(220381,'公主岭市',2203,5),(220323,'伊通满族自治县',2203,4),(220322,'梨树县',2203,3),(220303,'铁东区',2203,2),(220302,'铁西区',2203,1),(220284,'磐石市',2202,9),(220283,'舒兰市',2202,8),(220282,'桦甸市',2202,7),(220281,'蛟河市',2202,6),(220221,'永吉县',2202,5),(220211,'丰满区',2202,4),(220204,'船营区',2202,3),(220203,'龙潭区',2202,2),(220202,'昌邑区',2202,1),(220183,'德惠市',2201,10),(220182,'榆树市',2201,9),(220181,'九台市',2201,8),(220122,'农安县',2201,7),(220112,'双阳区',2201,6),(220106,'绿园区',2201,5),(220105,'二道区',2201,4),(220104,'朝阳区',2201,3),(220103,'宽城区',2201,2),(220102,'南关区',2201,1),(211481,'兴城市',2114,6),(211422,'建昌县',2114,5),(211421,'绥中县',2114,4),(211404,'南票区',2114,3),(211403,'龙港区',2114,2),(211402,'连山区',2114,1),(211382,'凌源市',2113,7),(211381,'北票市',2113,6),(211324,'喀喇沁左翼蒙古族自治县',2113,5),(211322,'建平县',2113,4),(211321,'朝阳县',2113,3),(211303,'龙城区',2113,2),(211302,'双塔区',2113,1),(211282,'开原市',2112,7),(211281,'调兵山市',2112,6),(211224,'昌图县',2112,5),(211223,'西丰县',2112,4),(211221,'铁岭县',2112,3),(211204,'清河区',2112,2),(211202,'银州区',2112,1),(211122,'盘山县',2111,4),(211121,'大洼县',2111,3),(211103,'兴隆台区',2111,2),(211102,'双台子区',2111,1),(211081,'灯塔市',2110,7),(211021,'辽阳县',2110,6),(211011,'太子河区',2110,5),(211005,'弓长岭区',2110,4),(211004,'宏伟区',2110,3),(211003,'文圣区',2110,2),(211002,'白塔区',2110,1),(210922,'彰武县',2109,7),(210921,'阜新蒙古族自治县',2109,6),(210911,'细河区',2109,5),(210905,'清河门区',2109,4),(210904,'太平区',2109,3),(210903,'新邱区',2109,2),(210902,'海州区',2109,1),(210882,'大石桥市',2108,6),(210881,'盖州市',2108,5),(210811,'老边区',2108,4),(210804,'鲅鱼圈区',2108,3),(210803,'西市区',2108,2),(210802,'站前区',2108,1),(210782,'北镇市',2107,7),(210781,'凌海市',2107,6),(210727,'义县',2107,5),(210726,'黑山县',2107,4),(210711,'太和区',2107,3),(210703,'凌河区',2107,2),(210702,'古塔区',2107,1),(210682,'凤城市',2106,6),(210681,'东港市',2106,5),(210624,'宽甸满族自治县',2106,4),(210604,'振安区',2106,3),(210603,'振兴区',2106,2),(210602,'元宝区',2106,1),(210522,'桓仁满族自治县',2105,6),(210521,'本溪满族自治县',2105,5),(210505,'南芬区',2105,4),(210504,'明山区',2105,3),(210503,'溪湖区',2105,2),(210502,'平山区',2105,1),(210423,'清原满族自治县',2104,7),(210422,'新宾满族自治县',2104,6),(210421,'抚顺县',2104,5),(210411,'顺城区',2104,4),(210404,'望花区',2104,3),(210403,'东洲区',2104,2),(210402,'新抚区',2104,1),(210381,'海城市',2103,7),(210323,'岫岩满族自治县',2103,6),(210321,'台安县',2103,5),(210311,'千山区',2103,4),(210304,'立山区',2103,3),(210303,'铁西区',2103,2),(210302,'铁东区',2103,1),(210283,'庄河市',2102,10),(210282,'普兰店市',2102,9),(210281,'瓦房店市',2102,8),(210224,'长海县',2102,7),(210213,'金州区',2102,6),(210212,'旅顺口区',2102,5),(210211,'甘井子区',2102,4),(210204,'沙河口区',2102,3),(210203,'西岗区',2102,2),(210202,'中山区',2102,1),(210181,'新民市',2101,13),(210124,'法库县',2101,12),(210123,'康平县',2101,11),(210122,'辽中县',2101,10),(210114,'于洪区',2101,9),(210113,'新城子区',2101,8),(210112,'东陵区',2101,7),(210111,'苏家屯区',2101,6),(210106,'铁西区',2101,5),(210105,'皇姑区',2101,4),(210104,'大东区',2101,3),(210103,'沈河区',2101,2),(210102,'和平区',2101,1),(152923,'额济纳旗',1529,3),(152922,'阿拉善右旗',1529,2),(152921,'阿拉善左旗',1529,1),(152531,'多伦县',1525,12),(152530,'正蓝旗',1525,11),(152529,'正镶白旗',1525,10),(152528,'镶黄旗',1525,9),(152527,'太仆寺旗',1525,8),(152526,'西乌珠穆沁旗',1525,7),(152525,'东乌珠穆沁旗',1525,6),(152524,'苏尼特右旗',1525,5),(152523,'苏尼特左旗',1525,4),(152522,'阿巴嘎旗',1525,3),(152502,'锡林浩特市',1525,2),(152501,'二连浩特市',1525,1),(152224,'突泉县',1522,6),(152223,'扎赉特旗',1522,5),(152222,'科尔沁右翼中旗',1522,4),(152221,'科尔沁右翼前旗',1522,3),(152202,'阿尔山市',1522,2),(152201,'乌兰浩特市',1522,1),(150981,'丰镇市',1509,11),(150929,'四子王旗',1509,10),(150928,'察哈尔右翼后旗',1509,9),(150927,'察哈尔右翼中旗',1509,8),(150926,'察哈尔右翼前旗',1509,7),(150925,'凉城县',1509,6),(150924,'兴和县',1509,5),(150923,'商都县',1509,4),(150922,'化德县',1509,3),(150921,'卓资县',1509,2),(150902,'集宁区',1509,1),(150826,'杭锦后旗',1508,7),(150825,'乌拉特后旗',1508,6),(150824,'乌拉特中旗',1508,5),(150823,'乌拉特前旗',1508,4),(150822,'磴口县',1508,3),(150821,'五原县',1508,2),(150802,'临河区',1508,1),(150785,'根河市',1507,13),(150784,'额尔古纳市',1507,12),(150783,'扎兰屯市',1507,11),(150782,'牙克石市',1507,10),(150781,'满洲里市',1507,9),(150727,'新巴尔虎右旗',1507,8),(150726,'新巴尔虎左旗',1507,7),(150725,'陈巴尔虎旗',1507,6),(150724,'鄂温克族自治旗',1507,5),(150723,'鄂伦春自治旗',1507,4),(150722,'莫力达瓦达斡尔族自治旗',1507,3),(150721,'阿荣旗',1507,2),(150702,'海拉尔区',1507,1),(150627,'伊金霍洛旗',1506,8),(150626,'乌审旗',1506,7),(150625,'杭锦旗',1506,6),(150624,'鄂托克旗',1506,5),(150623,'鄂托克前旗',1506,4),(150622,'准格尔旗',1506,3),(150621,'达拉特旗',1506,2),(150602,'东胜区',1506,1),(150581,'霍林郭勒市',1505,8),(150526,'扎鲁特旗',1505,7),(150525,'奈曼旗',1505,6),(150524,'库伦旗',1505,5),(150523,'开鲁县',1505,4),(150522,'科尔沁左翼后旗',1505,3),(150521,'科尔沁左翼中旗',1505,2),(150502,'科尔沁区',1505,1),(150430,'敖汉旗',1504,12),(150429,'宁城县',1504,11),(150428,'喀喇沁旗',1504,10),(150426,'翁牛特旗',1504,9),(150425,'克什克腾旗',1504,8),(150424,'林西县',1504,7),(150423,'巴林右旗',1504,6),(150422,'巴林左旗',1504,5),(150421,'阿鲁科尔沁旗',1504,4),(150404,'松山区',1504,3),(150403,'元宝山区',1504,2),(150402,'红山区',1504,1),(150304,'乌达区',1503,3),(150303,'海南区',1503,2),(150302,'海勃湾区',1503,1),(150223,'达尔罕茂明安联合旗',1502,9),(150222,'固阳县',1502,8),(150221,'土默特右旗',1502,7),(150207,'九原区',1502,6),(150206,'白云矿区',1502,5),(150205,'石拐区',1502,4),(150204,'青山区',1502,3),(150203,'昆都仑区',1502,2),(150202,'东河区',1502,1),(150125,'武川县',1501,9),(150124,'清水河县',1501,8),(150123,'和林格尔县',1501,7),(150122,'托克托县',1501,6),(150121,'土默特左旗',1501,5),(150105,'赛罕区',1501,4),(150104,'玉泉区',1501,3),(150103,'回民区',1501,2),(150102,'新城区',1501,1),(141182,'汾阳市',1411,13),(141181,'孝义市',1411,12),(141130,'交口县',1411,11),(141129,'中阳县',1411,10),(141128,'方山县',1411,9),(141127,'岚县',1411,8),(141126,'石楼县',1411,7),(141125,'柳林县',1411,6),(141124,'临县',1411,5),(141123,'兴县',1411,4),(141122,'交城县',1411,3),(141121,'文水县',1411,2),(141102,'离石区',1411,1),(141082,'霍州市',1410,17),(141081,'侯马市',1410,16),(141034,'汾西县',1410,15),(141033,'蒲县',1410,14),(141032,'永和县',1410,13),(141031,'隰县',1410,12),(141030,'大宁县',1410,11),(141029,'乡宁县',1410,10),(141028,'吉县',1410,9),(141027,'浮山县',1410,8),(141026,'安泽县',1410,7),(141025,'古县',1410,6),(141024,'洪洞县',1410,5),(141023,'襄汾县',1410,4),(141022,'翼城县',1410,3),(141021,'曲沃县',1410,2),(141002,'尧都区',1410,1),(140981,'原平市',1409,14),(140932,'偏关县',1409,13),(140931,'保德县',1409,12),(140930,'河曲县',1409,11),(140929,'岢岚县',1409,10),(140928,'五寨县',1409,9),(140927,'神池县',1409,8),(140926,'静乐县',1409,7),(140925,'宁武县',1409,6),(140924,'繁峙县',1409,5),(140923,'代县',1409,4),(140922,'五台县',1409,3),(140921,'定襄县',1409,2),(140902,'忻府区',1409,1),(140882,'河津市',1408,13),(140881,'永济市',1408,12),(140830,'芮城县',1408,11),(140829,'平陆县',1408,10),(140828,'夏县',1408,9),(140827,'垣曲县',1408,8),(140826,'绛县',1408,7),(140825,'新绛县',1408,6),(140824,'稷山县',1408,5),(140823,'闻喜县',1408,4),(140822,'万荣县',1408,3),(140821,'临猗县',1408,2),(140802,'盐湖区',1408,1),(140781,'介休市',1407,11),(140729,'灵石县',1407,10),(140728,'平遥县',1407,9),(140727,'祁县',1407,8),(140726,'太谷县',1407,7),(140725,'寿阳县',1407,6),(140724,'昔阳县',1407,5),(140723,'和顺县',1407,4),(140722,'左权县',1407,3),(140721,'榆社县',1407,2),(140702,'榆次区',1407,1),(140624,'怀仁县',1406,6),(140623,'右玉县',1406,5),(140622,'应县',1406,4),(140621,'山阴县',1406,3),(140603,'平鲁区',1406,2),(140602,'朔城区',1406,1),(140581,'高平市',1405,6),(140525,'泽州县',1405,5),(140524,'陵川县',1405,4),(140522,'阳城县',1405,3),(140521,'沁水县',1405,2),(140502,'城区',1405,1),(140481,'潞城市',1404,13),(140431,'沁源县',1404,12),(140430,'沁县',1404,11),(140429,'武乡县',1404,10),(140428,'长子县',1404,9),(140427,'壶关县',1404,8),(140426,'黎城县',1404,7),(140425,'平顺县',1404,6),(140424,'屯留县',1404,5),(140423,'襄垣县',1404,4),(140421,'长治县',1404,3),(140411,'郊区',1404,2),(140402,'城区',1404,1),(140322,'盂县',1403,5),(140321,'平定县',1403,4),(140311,'郊区',1403,3),(140303,'矿区',1403,2),(140302,'城区',1403,1),(140227,'大同县',1402,11),(140226,'左云县',1402,10),(140225,'浑源县',1402,9),(140224,'灵丘县',1402,8),(140223,'广灵县',1402,7),(140222,'天镇县',1402,6),(140221,'阳高县',1402,5),(140212,'新荣区',1402,4),(140211,'南郊区',1402,3),(140203,'矿区',1402,2),(140202,'城区',1402,1),(140181,'古交市',1401,10),(140123,'娄烦县',1401,9),(140122,'阳曲县',1401,8),(140121,'清徐县',1401,7),(140110,'晋源区',1401,6),(140109,'万柏林区',1401,5),(140108,'尖草坪区',1401,4),(140107,'杏花岭区',1401,3),(140106,'迎泽区',1401,2),(140105,'小店区',1401,1),(131182,'深州市',1311,11),(131181,'冀州市',1311,10),(131128,'阜城县',1311,9),(131127,'景县',1311,8),(131126,'故城县',1311,7),(131125,'安平县',1311,6),(131124,'饶阳县',1311,5),(131123,'武强县',1311,4),(131122,'武邑县',1311,3),(131121,'枣强县',1311,2),(131102,'桃城区',1311,1),(131082,'三河市',1310,10),(131081,'霸州市',1310,9),(131028,'大厂回族自治县',1310,8),(131026,'文安县',1310,7),(131025,'大城县',1310,6),(131024,'香河县',1310,5),(131023,'永清县',1310,4),(131022,'固安县',1310,3),(131003,'广阳区',1310,2),(131002,'安次区',1310,1),(130984,'河间市',1309,16),(130983,'黄骅市',1309,15),(130982,'任丘市',1309,14),(130981,'泊头市',1309,13),(130930,'孟村回族自治县',1309,12),(130929,'献县',1309,11),(130928,'吴桥县',1309,10),(130927,'南皮县',1309,9),(130926,'肃宁县',1309,8),(130925,'盐山县',1309,7),(130924,'海兴县',1309,6),(130923,'东光县',1309,5),(130922,'青县',1309,4),(130921,'沧县',1309,3),(130903,'运河区',1309,2),(130902,'新华区',1309,1),(130828,'围场满族蒙古族自治县',1308,11),(130827,'宽城满族自治县',1308,10),(130826,'丰宁满族自治县',1308,9),(130825,'隆化县',1308,8),(130824,'滦平县',1308,7),(130823,'平泉县',1308,6),(130822,'兴隆县',1308,5),(130821,'承德县',1308,4),(130804,'鹰手营子矿区',1308,3),(130803,'双滦区',1308,2),(130802,'双桥区',1308,1),(130733,'崇礼县',1307,17),(130732,'赤城县',1307,16),(130731,'涿鹿县',1307,15),(130730,'怀来县',1307,14),(130729,'万全县',1307,13),(130728,'怀安县',1307,12),(130727,'阳原县',1307,11),(130726,'蔚县',1307,10),(130725,'尚义县',1307,9),(130724,'沽源县',1307,8),(130723,'康保县',1307,7),(130722,'张北县',1307,6),(130721,'宣化县',1307,5),(130706,'下花园区',1307,4),(130705,'宣化区',1307,3),(130703,'桥西区',1307,2),(130702,'桥东区',1307,1),(130684,'高碑店市',1306,25),(130683,'安国市',1306,24),(130682,'定州市',1306,23),(130681,'涿州市',1306,22),(130638,'雄县',1306,21),(130637,'博野县',1306,20),(130636,'顺平县',1306,19),(130635,'蠡县',1306,18),(130634,'曲阳县',1306,17),(130633,'易县',1306,16),(130632,'安新县',1306,15),(130631,'望都县',1306,14),(130630,'涞源县',1306,13),(130629,'容城县',1306,12),(130628,'高阳县',1306,11),(130627,'唐县',1306,10),(130626,'定兴县',1306,9),(130625,'徐水县',1306,8),(130624,'阜平县',1306,7),(130623,'涞水县',1306,6),(130622,'清苑县',1306,5),(130621,'满城县',1306,4),(130604,'南市区',1306,3),(130603,'北市区',1306,2),(130602,'新市区',1306,1),(130582,'沙河市',1305,19),(130581,'南宫市',1305,18),(130535,'临西县',1305,17),(130534,'清河县',1305,16),(130533,'威县',1305,15),(130532,'平乡县',1305,14),(130531,'广宗县',1305,13),(130530,'新河县',1305,12),(130529,'巨鹿县',1305,11),(130528,'宁晋县',1305,10),(130527,'南和县',1305,9),(130526,'任县',1305,8),(130525,'隆尧县',1305,7),(130524,'柏乡县',1305,6),(130523,'内丘县',1305,5),(130522,'临城县',1305,4),(130521,'邢台县',1305,3),(130503,'桥西区',1305,2),(130502,'桥东区',1305,1),(130481,'武安市',1304,19),(130435,'曲周县',1304,18),(130434,'魏县',1304,17),(130433,'馆陶县',1304,16),(130432,'广平县',1304,15),(130431,'鸡泽县',1304,14),(130430,'邱县',1304,13),(130429,'永年县',1304,12),(130428,'肥乡县',1304,11),(130427,'磁县',1304,10),(130426,'涉县',1304,9),(130425,'大名县',1304,8),(130424,'成安县',1304,7),(130423,'临漳县',1304,6),(130421,'邯郸县',1304,5),(130406,'峰峰矿区',1304,4),(130404,'复兴区',1304,3),(130403,'丛台区',1304,2),(130402,'邯山区',1304,1),(130324,'卢龙县',1303,7),(130323,'抚宁县',1303,6),(130322,'昌黎县',1303,5),(130321,'青龙满族自治县',1303,4),(130304,'北戴河区',1303,3),(130303,'山海关区',1303,2),(130302,'海港区',1303,1),(130283,'迁安市',1302,14),(130281,'遵化市',1302,13),(130230,'唐海县',1302,12),(130229,'玉田县',1302,11),(130227,'迁西县',1302,10),(130225,'乐亭县',1302,9),(130224,'滦南县',1302,8),(130223,'滦县',1302,7),(130208,'丰润区',1302,6),(130207,'丰南区',1302,5),(130205,'开平区',1302,4),(130204,'古冶区',1302,3),(130203,'路北区',1302,2),(130202,'路南区',1302,1),(130185,'鹿泉市',1301,23),(130184,'新乐市',1301,22),(130183,'晋州市',1301,21),(130182,'藁城市',1301,20),(130181,'辛集市',1301,19),(130133,'赵县',1301,18),(130132,'元氏县',1301,17),(130131,'平山县',1301,16),(130130,'无极县',1301,15),(130129,'赞皇县',1301,14),(130128,'深泽县',1301,13),(130127,'高邑县',1301,12),(130126,'灵寿县',1301,11),(130125,'行唐县',1301,10),(130124,'栾城县',1301,9),(130123,'正定县',1301,8),(130121,'井陉县',1301,7),(130108,'裕华区',1301,6),(130107,'井陉矿区',1301,5),(130105,'新华区',1301,4),(130104,'桥西区',1301,3),(130103,'桥东区',1301,2),(130102,'长安区',1301,1),(122525,'蓟县',1225,1),(122415,'宝坻区',1224,1),(122323,'静海县',1223,1),(122214,'武清区',1222,1),(122121,'宁河县',1221,1),(121313,'北辰区',1213,1),(121212,'津南区',1212,1),(121111,'西青区',1211,1),(121010,'东丽区',1210,1),(120707,'滨海新区',1207,1),(120606,'红桥区',1206,1),(120505,'河北区',1205,1),(120404,'南开区',1204,1),(120303,'河西区',1203,1),(120202,'河东区',1202,1),(120101,'和平区',1201,1),(112929,'延庆县',1129,1),(112828,'密云县',1128,1),(112716,'怀柔区',1127,1),(112617,'平谷区',1126,1),(112415,'大兴区',1124,1),(112114,'昌平区',1121,1),(111313,'顺义区',1113,1),(111212,'通州区',1112,1),(111111,'房山区',1111,1),(110909,'门头沟区',1109,1),(110808,'海淀区',1108,1),(110707,'石景山区',1107,1),(110606,'丰台区',1106,1),(110505,'朝阳区',1105,1),(110404,'宣武区',1104,1),(110303,'崇文区',1103,1),(110202,'西城区',1102,1),(110101,'东城区',1101,1),(610425,'礼泉县',6104,7),(610426,'永寿县',6104,8),(610427,'彬县',6104,9),(610428,'长武县',6104,10),(610429,'旬邑县',6104,11),(610430,'淳化县',6104,12),(610431,'武功县',6104,13),(610481,'兴平市',6104,14),(610502,'临渭区',6105,1),(610521,'华县',6105,2),(610522,'潼关县',6105,3),(610523,'大荔县',6105,4),(610524,'合阳县',6105,5),(610525,'澄城县',6105,6),(610526,'蒲城县',6105,7),(610527,'白水县',6105,8),(610528,'富平县',6105,9),(610581,'韩城市',6105,10),(610582,'华阴市',6105,11),(610602,'宝塔区',6106,1),(610621,'延长县',6106,2),(610622,'延川县',6106,3),(610623,'子长县',6106,4),(610624,'安塞县',6106,5),(610625,'志丹县',6106,6),(610626,'吴起县',6106,7),(610627,'甘泉县',6106,8),(610628,'富县',6106,9),(610629,'洛川县',6106,10),(610630,'宜川县',6106,11),(610631,'黄龙县',6106,12),(610632,'黄陵县',6106,13),(610702,'汉台区',6107,1),(610721,'南郑县',6107,2),(610722,'城固县',6107,3),(610723,'洋县',6107,4),(610724,'西乡县',6107,5),(610725,'勉县',6107,6),(610726,'宁强县',6107,7),(610727,'略阳县',6107,8),(610728,'镇巴县',6107,9),(610729,'留坝县',6107,10),(610730,'佛坪县',6107,11),(610802,'榆阳区',6108,1),(610821,'神木县',6108,2),(610822,'府谷县',6108,3),(610823,'横山县',6108,4),(610824,'靖边县',6108,5),(610825,'定边县',6108,6),(610826,'绥德县',6108,7),(610827,'米脂县',6108,8),(610828,'佳县',6108,9),(610829,'吴堡县',6108,10),(610830,'清涧县',6108,11),(610831,'子洲县',6108,12),(610902,'汉滨区',6109,1),(610921,'汉阴县',6109,2),(610922,'石泉县',6109,3),(610923,'宁陕县',6109,4),(610924,'紫阳县',6109,5),(610925,'岚皋县',6109,6),(610926,'平利县',6109,7),(610927,'镇坪县',6109,8),(610928,'旬阳县',6109,9),(610929,'白河县',6109,10),(611002,'商州区',6110,1),(611021,'洛南县',6110,2),(611022,'丹凤县',6110,3),(611023,'商南县',6110,4),(611024,'山阳县',6110,5),(611025,'镇安县',6110,6),(611026,'柞水县',6110,7),(620102,'城关区',6201,1),(620103,'七里河区',6201,2),(620104,'西固区',6201,3),(620105,'安宁区',6201,4),(620111,'红古区',6201,5),(620121,'永登县',6201,6),(620122,'皋兰县',6201,7),(620123,'榆中县',6201,8),(620200,'嘉峪关市',6202,1),(620302,'金川区',6203,1),(620321,'永昌县',6203,2),(620402,'白银区',6204,1),(620403,'平川区',6204,2),(620421,'靖远县',6204,3),(620422,'会宁县',6204,4),(620423,'景泰县',6204,5),(620502,'秦城区',6205,1),(620503,'麦积区',6205,2),(620521,'清水县',6205,3),(620522,'秦安县',6205,4),(620523,'甘谷县',6205,5),(620524,'武山县',6205,6),(620525,'张家川回族自治县',6205,7),(620602,'凉州区',6206,1),(620621,'民勤县',6206,2),(620622,'古浪县',6206,3),(620623,'天祝藏族自治县',6206,4),(620702,'甘州区',6207,1),(620721,'肃南裕固族自治县',6207,2),(620722,'民乐县',6207,3),(620723,'临泽县',6207,4),(620724,'高台县',6207,5),(620725,'山丹县',6207,6),(620802,'崆峒区',6208,1),(620821,'泾川县',6208,2),(620822,'灵台县',6208,3),(620823,'崇信县',6208,4),(620824,'华亭县',6208,5),(620825,'庄浪县',6208,6),(620826,'静宁县',6208,7),(620902,'肃州区',6209,1),(620921,'金塔县',6209,2),(620922,'瓜州县',6209,3),(620923,'肃北蒙古族自治县',6209,4),(620924,'阿克塞哈萨克族自治县',6209,5),(620981,'玉门市',6209,6),(620982,'敦煌市',6209,7),(621002,'西峰区',6210,1),(621021,'庆城县',6210,2),(621022,'环县',6210,3),(621023,'华池县',6210,4),(621024,'合水县',6210,5),(621025,'正宁县',6210,6),(621026,'宁县',6210,7),(621027,'镇原县',6210,8),(621102,'安定区',6211,1),(621121,'通渭县',6211,2),(621122,'陇西县',6211,3),(621123,'渭源县',6211,4),(621124,'临洮县',6211,5),(621125,'漳县',6211,6),(621126,'岷县',6211,7),(621202,'武都区',6212,1),(621221,'成县',6212,2),(621222,'文县',6212,3),(621223,'宕昌县',6212,4),(621224,'康县',6212,5),(621225,'西和县',6212,6),(621226,'礼县',6212,7),(621227,'徽县',6212,8),(621228,'两当县',6212,9),(622901,'临夏市',6229,1),(622921,'临夏县',6229,2),(622922,'康乐县',6229,3),(622923,'永靖县',6229,4),(622924,'广河县',6229,5),(622925,'和政县',6229,6),(622926,'东乡族自治县',6229,7),(622927,'积石山保安族东乡族撒拉族自治县',6229,8),(623001,'合作市',6230,1),(623021,'临潭县',6230,2),(623022,'卓尼县',6230,3),(623023,'舟曲县',6230,4),(623024,'迭部县',6230,5),(623025,'玛曲县',6230,6),(623026,'碌曲县',6230,7),(623027,'夏河县',6230,8),(630102,'城东区',6301,1),(630103,'城中区',6301,2),(630104,'城西区',6301,3),(630105,'城北区',6301,4),(630121,'大通回族土族自治县',6301,5),(630122,'湟中县',6301,6),(630123,'湟源县',6301,7),(632121,'平安县',6321,1),(632122,'民和回族土族自治县',6321,2),(632123,'乐都县',6321,3),(632126,'互助土族自治县',6321,4),(632127,'化隆回族自治县',6321,5),(632128,'循化撒拉族自治县',6321,6),(632221,'门源回族自治县',6322,1),(632222,'祁连县',6322,2),(632223,'海晏县',6322,3),(632224,'刚察县',6322,4),(632321,'同仁县',6323,1),(632322,'尖扎县',6323,2),(632323,'泽库县',6323,3),(632324,'河南蒙古族自治县',6323,4),(632521,'共和县',6325,1),(632522,'同德县',6325,2),(632523,'贵德县',6325,3),(632524,'兴海县',6325,4),(632525,'贵南县',6325,5),(632621,'玛沁县',6326,1),(632622,'班玛县',6326,2),(632623,'甘德县',6326,3),(632624,'达日县',6326,4),(632625,'久治县',6326,5),(632626,'玛多县',6326,6),(632721,'玉树县',6327,1),(632722,'杂多县',6327,2),(632723,'称多县',6327,3),(632724,'治多县',6327,4),(632725,'囊谦县',6327,5),(632726,'曲麻莱县',6327,6),(632801,'格尔木市',6328,1),(632802,'德令哈市',6328,2),(632821,'乌兰县',6328,3),(632822,'都兰县',6328,4),(632823,'天峻县',6328,5),(640104,'兴庆区',6401,1),(640105,'西夏区',6401,2),(640106,'金凤区',6401,3),(640121,'永宁县',6401,4),(640122,'贺兰县',6401,5),(640181,'灵武市',6401,6),(640202,'大武口区',6402,1),(640205,'惠农区',6402,2),(640221,'平罗县',6402,3),(640302,'利通区',6403,1),(640303,'红寺堡区',6403,2),(640323,'盐池县',6403,3),(640324,'同心县',6403,4),(640381,'青铜峡市',6403,5),(640402,'原州区',6404,1),(640422,'西吉县',6404,2),(640423,'隆德县',6404,3),(640424,'泾源县',6404,4),(640425,'彭阳县',6404,5),(640502,'沙坡头区',6405,1),(640521,'中宁县',6405,2),(640522,'海原县',6405,3),(650102,'天山区',6501,1),(650103,'沙依巴克区',6501,2),(650104,'新市区',6501,3),(650105,'水磨沟区',6501,4),(650106,'头屯河区',6501,5),(650107,'达坂城区',6501,6),(650109,'米东区',6501,7),(650121,'乌鲁木齐县',6501,8),(650202,'独山子区',6502,1),(650203,'克拉玛依区',6502,2),(650204,'白碱滩区',6502,3),(650205,'乌尔禾区',6502,4),(652101,'吐鲁番市',6521,1),(652122,'鄯善县',6521,2),(652123,'托克逊县',6521,3),(652201,'哈密市',6522,1),(652222,'巴里坤哈萨克自治县',6522,2),(652223,'伊吾县',6522,3),(652301,'昌吉市',6523,1),(652302,'阜康市',6523,2),(652323,'呼图壁县',6523,3),(652324,'玛纳斯县',6523,4),(652325,'奇台县',6523,5),(652327,'吉木萨尔县',6523,6),(652328,'木垒哈萨克自治县',6523,7),(652701,'博乐市',6527,1),(652722,'精河县',6527,2),(652723,'温泉县',6527,3),(652801,'库尔勒市',6528,1),(652822,'轮台县',6528,2),(652823,'尉犁县',6528,3),(652824,'若羌县',6528,4),(652825,'且末县',6528,5),(652826,'焉耆回族自治县',6528,6),(652827,'和静县',6528,7),(652828,'和硕县',6528,8),(652829,'博湖县',6528,9),(652901,'阿克苏市',6529,1),(652922,'温宿县',6529,2),(652923,'库车县',6529,3),(652924,'沙雅县',6529,4),(652925,'新和县',6529,5),(652926,'拜城县',6529,6),(652927,'乌什县',6529,7),(652928,'阿瓦提县',6529,8),(652929,'柯坪县',6529,9),(653001,'阿图什市',6530,1),(653022,'阿克陶县',6530,2),(653023,'阿合奇县',6530,3),(653024,'乌恰县',6530,4),(653101,'喀什市',6531,1),(653121,'疏附县',6531,2),(653122,'疏勒县',6531,3),(653123,'英吉沙县',6531,4),(653124,'泽普县',6531,5),(653125,'莎车县',6531,6),(653126,'叶城县',6531,7),(653127,'麦盖提县',6531,8),(653128,'岳普湖县',6531,9),(653129,'伽师县',6531,10),(653130,'巴楚县',6531,11),(653131,'塔什库尔干县塔吉克自治',6531,12),(653201,'和田市',6532,1),(653221,'和田县',6532,2),(653222,'墨玉县',6532,3),(653223,'皮山县',6532,4),(653224,'洛浦县',6532,5),(653225,'策勒县',6532,6),(653226,'于田县',6532,7),(653227,'民丰县',6532,8),(654002,'伊宁市',6540,1),(654003,'奎屯市',6540,2),(654021,'伊宁县',6540,3),(654022,'察布查尔锡伯自治县',6540,4),(654023,'霍城县',6540,5),(654024,'巩留县',6540,6),(654025,'新源县',6540,7),(654026,'昭苏县',6540,8),(654027,'特克斯县',6540,9),(654028,'尼勒克县',6540,10),(654201,'塔城市',6542,1),(654202,'乌苏市',6542,2),(654221,'额敏县',6542,3),(654223,'沙湾县',6542,4),(654224,'托里县',6542,5),(654225,'裕民县',6542,6),(654226,'和布克赛尔蒙古自治县',6542,7),(654301,'阿勒泰市',6543,1),(654321,'布尔津县',6543,2),(654322,'富蕴县',6543,3),(654323,'福海县',6543,4),(654324,'哈巴河县',6543,5),(654325,'青河县',6543,6),(654326,'吉木乃县',6543,7),(654400,'石河子',6544,1),(654500,'阿拉尔',6545,1),(654600,'图木舒克',6546,1),(654700,'五家渠',6547,1),(710101,'台北市',7101,1),(710201,'高雄市',7102,1),(710301,'基隆市',7103,1),(710401,'台中市',7104,1),(710501,'台南市',7105,1),(710601,'新竹市',7106,1),(710701,'嘉义市',7107,1),(710801,'台北县',7108,1),(710901,'宜兰县',7109,1),(711001,'新竹县',7110,1),(711101,'桃园县',7111,1),(711201,'苗栗县',7112,1),(711301,'台中县',7113,1),(711401,'彰化县',7114,1),(711501,'南投县',7115,1),(711601,'嘉义县',7116,1),(711701,'云林县',7117,1),(711801,'台南县',7118,1),(711901,'高雄县',7119,1),(712001,'屏东县',7120,1),(712101,'台东县',7121,1),(712201,'花莲县',7122,1),(712301,'澎湖县',7123,1),(810101,'中西区',8101,1),(810201,'东区',8102,1),(810301,'九龙城区',8103,1),(810401,'观塘区',8104,1),(810501,'南区',8105,1),(810601,'深水区',8106,1),(810701,'湾仔区',8107,1),(810801,'黄大仙区',8108,1),(810901,'油尖旺区',8109,1),(811001,'离岛区',8110,1),(811101,'葵青区',8111,1),(811201,'北区',8112,1),(811301,'西贡区',8113,1),(811401,'沙田区',8114,1),(811501,'屯门区',8115,1),(811601,'大埔区',8116,1),(811701,'荃湾区',8117,1),(811801,'元朗区',8118,1),(820101,'花地玛堂区',8201,1),(820201,'圣安多尼堂区',8202,1),(820301,'大堂区',8203,1),(820401,'望德堂区',8204,1),(820501,'风顺堂区',8205,1),(820601,'嘉模堂区',8206,1),(820701,'圣方济各堂区',8207,1);

/*Table structure for table `zx_crontab` */

DROP TABLE IF EXISTS `zx_crontab`;

CREATE TABLE `zx_crontab` (
  `id` int(11) NOT NULL AUTO_INCREMENT,
  `name` varchar(100) NOT NULL DEFAULT '' COMMENT '任务名',
  `code` varchar(100) NOT NULL DEFAULT '' COMMENT '代码',
  `crontab` varchar(100) NOT NULL DEFAULT '' COMMENT '时间',
  `status` tinyint(1) NOT NULL DEFAULT '1' COMMENT '状态:1可用,2不可用',
  `description` varchar(255) DEFAULT '' COMMENT '备注',
  `admin_id` int(10) NOT NULL DEFAULT '0' COMMENT '管理员id',
  `created_at` int(11) NOT NULL DEFAULT '0' COMMENT '创建时间',
  `updated_at` int(11) NOT NULL DEFAULT '0' COMMENT '修改时间',
  PRIMARY KEY (`id`) USING BTREE
) ENGINE=InnoDB AUTO_INCREMENT=4 DEFAULT CHARSET=utf8 ROW_FORMAT=COMPACT COMMENT='crontab定时任务';

/*Data for the table `zx_crontab` */

insert  into `zx_crontab`(`id`,`name`,`code`,`crontab`,`status`,`description`,`admin_id`,`created_at`,`updated_at`) values (1,'同步xxx','sync_domain_url','20 18 * * *',1,'抓取域名下所有url 地址',2,1529917283,1531577070),(2,'xxxx','sync_response_time','56 20 * * *',2,'同步 api 响应数据',2,1530788986,1531576440),(3,'工作提醒','work_reminder','* * * * *',1,'发邮件或微信提醒',2,1531305592,1583389759);

/*Table structure for table `zx_failed_jobs` */

DROP TABLE IF EXISTS `zx_failed_jobs`;

CREATE TABLE `zx_failed_jobs` (
  `id` bigint(20) unsigned NOT NULL AUTO_INCREMENT,
  `connection` text NOT NULL,
  `queue` text NOT NULL,
  `payload` longtext NOT NULL,
  `exception` longtext NOT NULL,
  `failed_at` timestamp NOT NULL DEFAULT CURRENT_TIMESTAMP,
  PRIMARY KEY (`id`)
) ENGINE=InnoDB DEFAULT CHARSET=utf8;

/*Data for the table `zx_failed_jobs` */

/*Table structure for table `zx_jobs` */

DROP TABLE IF EXISTS `zx_jobs`;

CREATE TABLE `zx_jobs` (
  `id` bigint(20) unsigned NOT NULL AUTO_INCREMENT,
  `queue` varchar(255) COLLATE utf8mb4_unicode_ci NOT NULL,
  `payload` longtext COLLATE utf8mb4_unicode_ci NOT NULL,
  `attempts` tinyint(3) unsigned NOT NULL,
  `reserved_at` int(10) unsigned DEFAULT NULL,
  `available_at` int(10) unsigned NOT NULL,
  `created_at` int(10) unsigned NOT NULL,
  PRIMARY KEY (`id`),
  KEY `jobs_queue_index` (`queue`(191))
) ENGINE=InnoDB DEFAULT CHARSET=utf8mb4 COLLATE=utf8mb4_unicode_ci;

/*Data for the table `zx_jobs` */

/*Table structure for table `zx_migrations` */

DROP TABLE IF EXISTS `zx_migrations`;

CREATE TABLE `zx_migrations` (
  `id` int(10) unsigned NOT NULL AUTO_INCREMENT,
  `migration` varchar(255) COLLATE utf8mb4_unicode_ci NOT NULL,
  `batch` int(11) NOT NULL,
  PRIMARY KEY (`id`)
) ENGINE=InnoDB AUTO_INCREMENT=10 DEFAULT CHARSET=utf8mb4 COLLATE=utf8mb4_unicode_ci;

/*Data for the table `zx_migrations` */

insert  into `zx_migrations`(`id`,`migration`,`batch`) values (1,'2018_07_08_220940_create_jobs_table',1),(8,'2021_04_08_162358_create_shops_table',2),(9,'2021_04_08_182750_alert_shops_table',2);

/*Table structure for table `zx_shops` */

DROP TABLE IF EXISTS `zx_shops`;

CREATE TABLE `zx_shops` (
  `id` int(11) NOT NULL AUTO_INCREMENT,
  `name` varchar(64) NOT NULL COMMENT '店铺名称',
  `owner_name` varchar(64) NOT NULL COMMENT '拥有人',
  `owner_phone` varchar(11) NOT NULL COMMENT '拥有人电话',
  `contact_name` varchar(64) DEFAULT NULL COMMENT '联系人',
  `contact_phone` varchar(11) DEFAULT NULL COMMENT '联系人电话',
  `address` varchar(32) DEFAULT NULL COMMENT '所在省市区',
  `address_detail` varchar(255) DEFAULT NULL COMMENT '详细地址',
  `type` enum('1','2','3','4') DEFAULT NULL COMMENT '店铺类别',
  `auth_imgs` longtext COMMENT '资质照片集',
  `verify_status` enum('1','2','3','4','5') DEFAULT '1' COMMENT '审核状态',
  `status` enum('0','1') DEFAULT NULL COMMENT '禁用状态',
  `balance` decimal(10,2) DEFAULT '0.00' COMMENT '店铺余额',
  `ex_status` enum('0','1') DEFAULT '1' COMMENT '试用7天',
  `ex_start_time` int(11) DEFAULT '0' COMMENT '试用开始时间',
  `ex_end_time` int(11) DEFAULT '0' COMMENT '试用结束时间',
  `pay_method` enum('1','2','3','4','5') DEFAULT NULL COMMENT '认购方式',
  `use_start_time` int(11) DEFAULT '0' COMMENT '使用开始时间',
  `use_end_time` int(11) DEFAULT '0' COMMENT '使用结束时间',
  `created_at` int(11) DEFAULT '0',
  `updated_at` int(11) DEFAULT '0',
  `ali_appid` varchar(255) NOT NULL DEFAULT '' COMMENT '支付宝应用ID',
  `ali_private_key` varchar(255) NOT NULL DEFAULT '' COMMENT '支付宝支付私钥',
  `ali_public_key` varchar(255) NOT NULL DEFAULT '' COMMENT '支付宝支付公钥',
  `wx_mch_id` varchar(255) NOT NULL DEFAULT '' COMMENT '微信商户号',
  `wx_appid` varchar(255) NOT NULL DEFAULT '' COMMENT '微信应用ID',
  `wx_secret` varchar(255) NOT NULL DEFAULT '' COMMENT '微信密钥',
  PRIMARY KEY (`id`)
) ENGINE=InnoDB AUTO_INCREMENT=4 DEFAULT CHARSET=utf8;

/*Data for the table `zx_shops` */

insert  into `zx_shops`(`id`,`name`,`owner_name`,`owner_phone`,`contact_name`,`contact_phone`,`address`,`address_detail`,`type`,`auth_imgs`,`verify_status`,`status`,`balance`,`ex_status`,`ex_start_time`,`ex_end_time`,`pay_method`,`use_start_time`,`use_end_time`,`created_at`,`updated_at`,`ali_appid`,`ali_private_key`,`ali_public_key`,`wx_mch_id`,`wx_appid`,`wx_secret`) values (1,'系统店铺','Alfred','13800138000','alfred','13800138000','51,5101,510105','提督街1号雄飞中心','4',NULL,'1','0','0.00','0',0,0,NULL,0,0,1617961574,1617961574,'','','','','',''),(2,'测试店铺','Alfred','13800138000','alfred','13800138000','31,3101,310101','上海黄埔军校','1','http://cdn.findwp.cn/avatars/Bma2LS2rmuR8pXPUY1lJXxGzn9NpeEhrHeAxtO7N.png','1','0','0.00','0',0,0,NULL,0,0,1617962049,1618301218,'','','','','',''),(3,'系统店铺','Alfred','13800138000',NULL,NULL,'11,1101,110101','北京东城东城区28号','1','http://cdn.findwp.cn/avatars/Bg8wrxxsUtIbiL7gcK3caFMYIx4tKYQcBkr2I9xa.jpg','1','0','0.00','1',1617964123,1618568923,NULL,0,0,1617964123,1618302882,'','','','','','');

/*Table structure for table `zx_site` */

DROP TABLE IF EXISTS `zx_site`;

CREATE TABLE `zx_site` (
  `id` smallint(5) unsigned NOT NULL AUTO_INCREMENT,
  `title` varchar(255) DEFAULT '' COMMENT '名称',
  `keywords` varchar(255) DEFAULT '' COMMENT '关键词',
  `description` varchar(255) DEFAULT '' COMMENT '说明',
  `admin_title` varchar(50) DEFAULT '' COMMENT '后台名称',
  `setting` text COMMENT '其它设置',
  `created_at` int(11) NOT NULL DEFAULT '0' COMMENT '创建时间',
  `updated_at` int(11) NOT NULL DEFAULT '0' COMMENT '修改时间',
  PRIMARY KEY (`id`) USING BTREE
) ENGINE=InnoDB AUTO_INCREMENT=2 DEFAULT CHARSET=utf8 ROW_FORMAT=COMPACT COMMENT='站点设置';

/*Data for the table `zx_site` */

insert  into `zx_site`(`id`,`title`,`keywords`,`description`,`admin_title`,`setting`,`created_at`,`updated_at`) values (1,'laravel-admin','laravel7后台管理','QQ 5552123','后台管理','{\"queue_weixin\":\"0\",\"queue_email\":\"apim:middle\",\"alert_type\":\"email\",\"mail\":\"5552123@qq.com\"}',0,1583389383);

/*Table structure for table `zx_tables` */

DROP TABLE IF EXISTS `zx_tables`;

CREATE TABLE `zx_tables` (
  `id` int(10) unsigned NOT NULL AUTO_INCREMENT,
  `name` varchar(64) NOT NULL DEFAULT '' COMMENT '餐桌名',
  `num_id` varchar(32) NOT NULL DEFAULT '' COMMENT '餐桌编号',
  `type` tinyint(1) NOT NULL DEFAULT '1' COMMENT '餐桌类型 1小桌 2中桌 3大桌',
  `is_show` enum('0','1') DEFAULT '1' COMMENT '是否显示',
  `is_del` enum('0','1') DEFAULT '0' COMMENT '是否删除',
  `c_time` int(11) DEFAULT '0' COMMENT '创建时间',
  `u_time` int(11) DEFAULT '0' COMMENT '更新时间',
  `admin_id` int(10) NOT NULL COMMENT '创建用户',
  PRIMARY KEY (`id`)
) ENGINE=InnoDB AUTO_INCREMENT=12 DEFAULT CHARSET=utf8;

/*Data for the table `zx_tables` */

insert  into `zx_tables`(`id`,`name`,`num_id`,`type`,`is_show`,`is_del`,`c_time`,`u_time`,`admin_id`) values (1,'系统桌1','001',1,'1','0',0,0,1),(2,'系统桌2','002',1,'1','0',0,0,1),(3,'系统卓3','003',1,'1','0',0,0,1),(4,'系统桌4','004',2,'1','0',0,0,1),(5,'系统桌5','005',2,'1','0',0,0,1),(6,'系统桌6','006',2,'1','0',0,0,1),(7,'系统桌7','007',3,'1','0',0,0,1),(8,'系统桌8','008',3,'1','0',0,0,1),(9,'系统桌9','009',3,'0','0',0,0,1),(10,'十全十美','010',3,'0','0',0,1616739278,1),(11,'大富大贵','011',3,'1','0',1616726524,1616739294,1);

/*Table structure for table `zx_work_info` */

DROP TABLE IF EXISTS `zx_work_info`;

CREATE TABLE `zx_work_info` (
  `id` int(10) unsigned NOT NULL AUTO_INCREMENT,
  `content` text COMMENT '内容',
  `reminder_status` tinyint(1) DEFAULT '1' COMMENT '是否提醒:1是,2否',
  `admin_id` tinyint(3) DEFAULT '0',
  `is_reminder` tinyint(1) DEFAULT '1' COMMENT '1未提醒,2已提醒',
  `reminder_at` int(11) DEFAULT '0' COMMENT '提醒日期',
  `is_delete` tinyint(1) DEFAULT '0',
  `created_at` int(10) unsigned NOT NULL DEFAULT '0',
  `updated_at` int(10) unsigned NOT NULL DEFAULT '0',
  PRIMARY KEY (`id`) USING BTREE
) ENGINE=InnoDB AUTO_INCREMENT=6 DEFAULT CHARSET=utf8 ROW_FORMAT=COMPACT COMMENT='工作提醒';

/*Data for the table `zx_work_info` */

insert  into `zx_work_info`(`id`,`content`,`reminder_status`,`admin_id`,`is_reminder`,`reminder_at`,`is_delete`,`created_at`,`updated_at`) values (1,'12341234',1,2,2,1531562915,0,1529926576,1531563661),(2,'234',1,1,1,1583186902,1,1583158104,1583158203),(3,'56778',1,1,1,1583193600,1,1583203874,1583203880),(5,'陪孩子出去玩',1,1,1,1590969600,0,1583395687,1583395687);

/*!40101 SET SQL_MODE=@OLD_SQL_MODE */;
/*!40014 SET FOREIGN_KEY_CHECKS=@OLD_FOREIGN_KEY_CHECKS */;
/*!40014 SET UNIQUE_CHECKS=@OLD_UNIQUE_CHECKS */;
/*!40111 SET SQL_NOTES=@OLD_SQL_NOTES */;
